time,modobslng,modobslat,modtlng,modtlat
1,22.6,75.62,22.6,75.62
2,22.96,75.04,22.96,74.86
3,23.44,74.1,23.44,74.1
29,20.59,68.74,20.59,68.74
31,20.62,68.41,20.62,68.41
32,20.57,68.23,20.57,68.23
34,20.12,68.43,20.12,68.43
35,19.83,68.51,19.83,68.51
36,19.42,68.42,19.42,68.42
37,19.08,68.43,19.08,68.43
39,18.62,68.68,18.62,68.68
40,18.48,68.85,18.48,68.85
42,18.14,69.13,18.14,69.13
43,18.21,69.35,18.21,69.35
45,17.99,69.73,17.99,69.73
51,17.48,70.45,17.48,70.45
52,17.13,70.53,17.13,70.53
53,16.91,70.65,16.91,70.65
56,17.21,70.98,17.21,70.98
60,17.4,71.48,17.4,71.48
63,17.59,71.75,17.59,71.75
477,23.16,80.44,23.16,80.44
482,23.08,80.46,23.08,80.46
525,28.61,74.43,27.595,74.43
526,27.7,74.42,27.7,74.42
542,27.33,74.4,23.88823529,74.4
543,23.65,74,23.65,74
547,22.76,74.83,22.76,74.83
554,22.59,75.12,21.605,73.465
555,21.44,73.27,21.44,73.27
564,21.48,73.52,21.48,73.52
565,21.7,73.8,21.7,73.8
568,22,73.72,22,73.72
569,22.24,73.62,22.24,73.62
571,22.73,73.58,22.73,73.58
572,23,73.56,23,73.56
574,23.5,73.45,23.5,73.45
575,23.77,73.38,23.77,73.38
577,24.28,73.18,24.28,73.18
578,24.51,73,24.51,73
579,24.68,72.81,24.68,72.81
580,24.84,72.62,24.84,72.62
581,24.95,72.43,24.95,72.43
582,25.06,72.16,25.06,72.16
583,25.29,71.81,25.54166667,71.81
584,25.6,71.67,26.02333333,71.67
585,26.33,71.88,26.505,71.88
586,26.87,71.94,26.98666667,71.94
587,27.44,72.04,27.46833333,72.04
588,27.95,72.07,27.95,72.07
589,28.45,72.12,28.45,72.12
590,28.93,72.18,28.93,72.18
591,29.43,72.32,29.43,72.32
592,29.89,72.43,29.89,72.43
593,30.32,72.49,30.32,72.49
594,30.71,72.48,30.71,72.48
595,31.03,72.51,31.03,72.51
596,31.41,72.6,31.41,72.6
597,31.8,72.64,31.8,72.64
598,32.19,72.62,32.288,72.62
599,32.65,72.63,32.776,72.63
600,33.14,72.64,33.264,72.64
601,33.71,72.74,33.752,72.74
602,34.24,72.82,34.24,72.82
603,34.73,72.87,34.73,72.87
604,35.22,72.91,35.22,72.91
605,35.68,72.89,35.68,72.89
606,36.17,72.88,36.17,72.88
607,36.63,72.83,36.63,72.83
608,37.11,72.8,37.11,72.8
609,37.52,72.73,37.52,72.73
610,37.89,72.64,37.89,72.64
611,38.27,72.53,38.27,72.53
612,38.7,72.5,38.7,72.5
613,39.1,72.48,39.1,72.48
614,39.49,72.48,39.49,72.48
615,39.89,72.43,39.89,72.43
616,40.27,72.51,40.27,72.51
617,40.65,72.57,40.65,72.57
618,41.01,72.6,41.01,72.6
619,41.4,72.63,41.4,72.63
620,41.78,72.65,41.78,72.65
621,42.15,72.69,42.15,72.69
623,42.66,72.81,42.66,72.81
624,42.77,72.99,42.77,72.99
627,42.83,73.36,42.83,73.36
628,42.86,73.45,42.86,73.45
631,43.17,73.73,43.17,73.73
632,43.29,73.84,43.29,73.84
1491,41.61,74.47,41.61,74.47
1494,41.89,74.43,42.2475,74.43
1495,42.46,74.3,42.46,74.3
1497,42.69,73.99,42.69,73.99
1498,42.77,73.91,42.77,73.91
1504,43.01,73.5,43.01,73.5
1505,43.09,73.52,43.09,73.52
1523,43.28,73.1,43.28,73.1
1524,43.41,73.01,43.41,73.01
1527,43.85,72.87,43.85,72.87
1528,44.02,72.7,44.02,72.7
1529,44.18,72.35,44.18,72.35
1530,44.14,72.01,44.14,72.01
1531,44.05,71.72,44.05,71.72
1532,44,71.39,44,71.39
1533,43.97,71.08,43.97,71.08
1534,43.94,70.76,43.94,70.76
1535,43.91,70.45,43.91,70.45
1536,43.93,70.11,43.93,70.11
1537,43.98,69.81,43.98,69.81
1538,44.05,69.46,44.05,69.46
1539,44.07,69.13,44.07,69.13
1540,44.12,68.79,44.12,68.79
1541,44.19,68.45,44.19,68.45
1542,44.22,68.11,44.22,68.11
1543,44.19,67.75,44.19,67.75
1544,44.12,67.39,44.12,67.39
1545,44.02,66.99,44.02,66.96125
1546,43.93,66.58,43.93,66.5325
1547,43.93,66.16,43.93,66.10375
1548,43.97,65.71,43.97,65.675
1549,44.07,65.28,44.07,65.24625
1550,44.18,64.83,44.18,64.8175
1551,44.3,64.38,44.3,64.38875
1552,44.46,63.96,44.46,63.96
1553,44.65,63.57,44.65,63.57
1554,44.8,63.21,44.8,63.21
1555,44.95,62.88,44.95,62.88
1556,45.05,62.56,45.05,62.56
1557,45.17,62.24,45.17,62.24
1558,45.23,61.94,45.23,61.94
1559,45.23,61.58,45.23,61.58
1560,45.22,61.18,45.22,61.18
1561,45.29,60.78,45.29,60.78
1562,45.38,60.4,45.38,60.4
1563,45.47,60,45.47,60
1564,45.56,59.6,45.56,59.6
1565,45.66,59.2,45.66,59.2
1566,45.72,58.81,45.72,58.81
1567,45.83,58.5,45.83,58.5
1568,45.88,58.16,45.88,58.16
1569,45.98,57.8,45.98,57.8
1570,46.09,57.4,46.09,57.4
1571,46.14,57.01,46.14,57.01
1572,46.16,56.64,46.16,56.64
1573,46.1,56.29,46.1,56.29
1574,46.11,55.98,46.11,55.98
1575,46.15,55.68,46.15,55.68
1576,46.18,55.36,46.18,55.36
1577,46.23,55.07,46.23,55.07
1578,46.25,54.74,46.25,54.74
1579,46.31,54.43,46.31,54.43
1580,46.39,54.08,46.39,54.08
1581,46.41,53.76,46.41,53.76
1582,46.34,53.39,46.34,53.39
1583,46.3,52.99,46.3,52.99
1584,46.23,52.61,46.23,52.61
1585,46.1,52.23,46.1,52.23
1586,45.96,51.84,45.96,51.84
1587,45.9,51.49,45.9,51.49
1588,45.89,51.18,45.89,51.18
1589,45.94,50.85,45.94,50.85
1590,45.99,50.52,45.99,50.52
1591,46,50.17,46,50.17
1592,45.94,49.86,45.94,49.86
1593,45.88,49.52,45.88,49.52
1594,45.71,49.19,45.71,49.19
1595,45.68,48.86,45.68,48.86
1596,45.65,48.51,45.65,48.51
1597,45.55,48.16,45.55,48.16
1598,45.48,47.78,45.48,47.78
1599,45.37,47.4,45.37,47.4
1600,45.4,47.04,45.4,47.04
1601,45.39,46.7,45.39,46.7
1602,45.43,46.3,45.43,46.3
1603,45.49,45.93,45.49,45.93
1604,45.54,45.5,45.54,45.5
1605,45.59,45.11,45.59,45.08
1606,45.69,44.66,45.69,44.66
1607,45.82,44.29,45.82,44.29
1608,46.03,43.92,46.03,43.92
1609,46.28,43.63,46.28,43.63
1610,46.49,43.35,46.49,43.35
1611,46.73,42.99,46.73,42.99
1612,46.85,42.61,46.85,42.61
1613,46.94,42.22,46.94,42.22
1614,46.99,41.82,46.99,41.82
1615,47.02,41.4,47.02,41.4
1616,46.93,41.1,46.93,41.1
1617,46.83,40.86,46.83,40.86
1618,46.81,40.62,46.81,40.62
1619,46.81,40.37,46.81,40.37
1620,46.86,40.1,46.86,40.1
1621,46.94,39.74,46.94,39.74
1622,46.95,39.37,46.95,39.37
1623,46.99,39.04,46.99,39.04
1624,46.96,38.7,46.96,38.7
1625,46.87,38.34,46.87,38.34
1626,46.88,38.04,46.88,38.04
1627,46.93,37.71,46.93,37.71
1628,46.97,37.4,46.97,37.4
1629,47.03,37.15,47.03,37.15
1630,47.12,36.89,47.12,36.89
1631,47.19,36.52,47.19,36.461
1632,47.32,36.08,47.32,36.032
1633,47.52,35.69,47.52,35.603
1634,47.8,35.25,47.8,35.174
1635,47.89,34.79,47.89,34.745
1636,47.92,34.32,47.92,34.316
1637,47.97,33.9,47.97,33.887
1638,47.86,33.42,47.86,33.458
1639,47.84,33,47.84,33.029
1640,47.82,32.6,47.82,32.6
1641,47.96,32.33,47.96,32.33
1642,48.12,32.07,48.12,32.07
1643,48.17,31.73,48.17,31.73
1644,48.2,31.41,48.2,31.41
1645,48.21,31.06,48.21,31.06
1646,48.22,30.74,48.22,30.74
1651,48.22,29,48.22,28.78444444
1652,48.17,28.5,48.17,28.39333333
1653,48.11,28.15,48.11,28.00222222
1654,48.01,27.71,48.01,27.61111111
1655,47.9,27.22,47.9,27.22
1656,47.47,26.87,47.47,26.87
1657,47.32,26.45,47.32,26.45
1658,47.2,26.08,47.2,26.08
1659,47.15,25.66,47.15,25.66
1660,47.15,25.28,47.15,25.236
1661,47.15,24.73,47.15,24.812
1662,47.2,24.34,47.2,24.388
1663,47.14,23.9,47.14,23.964
1664,47.22,23.54,47.22,23.54
1665,47.36,23.27,47.36,23.27
1666,47.42,23.03,47.42,23.03
1667,47.44,22.68,47.44,22.68
1668,47.41,22.34,47.41,22.34
1669,47.31,21.98,47.31,21.98
1670,47.36,21.62,47.36,21.62
1671,47.32,21.22,47.32,21.22
1672,47.34,20.93,47.34,20.93
1673,47.35,20.66,47.35,20.66
1674,47.4,20.34,47.4,20.34
1675,47.63,19.92,47.63,19.92
1676,47.77,19.52,47.77,19.5025
1677,48.17,19.01,48.17,19.085
1678,48.31,18.61,48.31,18.6675
1679,48.33,18.25,48.33,18.25
1680,48.36,17.84,48.36,17.84
1681,48.39,17.51,48.39,17.51
1682,48.39,17.08,48.39,17.08
1683,48.35,16.74,48.35,16.74
1684,48.41,16.45,48.41,16.45
1685,48.51,16.12,48.51,16.12
1686,48.56,15.77,48.56,15.77
1687,48.62,15.43,48.62,15.43
1688,48.73,15.07,48.73,15.07
1689,48.91,14.72,48.91,14.72
1690,49.21,14.45,49.21,14.45
1691,49.35,14.13,49.35,14.13
1692,49.47,13.82,49.47,13.82
1693,49.61,13.5,49.61,13.5
1694,49.75,13.18,49.75,13.18
1695,49.84,12.86,49.84,12.86
1696,50.04,12.51,50.04,12.445
1697,50.15,12.03,50.15,12.03
1698,50.18,11.65,50.18,11.65
1699,50.2,11.33,50.2,11.33
1700,50.23,11.05,50.23,11.05
1701,50.29,10.83,50.29,10.83
1702,50.43,10.63,50.43,10.63
1703,50.5,10.39,50.5,10.39
1704,50.53,10.09,50.53,10.09
1705,50.76,9.79,50.76,9.79
1706,51.06,9.53,51.06,9.53
1707,51.38,9.25,51.38,9.25
1708,51.61,8.92,51.61,8.92
1709,51.68,8.51,51.68,8.51
1710,51.8,8.25,51.8,8.081666667
1711,51.78,7.81,51.78,7.653333333
1712,51.77,7.38,51.77,7.225
1713,51.69,6.74,51.69,6.796666667
1714,51.64,6.25,51.64,6.368333333
1715,51.69,5.78,51.69,5.94
1716,51.67,5.31,51.67,5.511666667
1717,51.58,4.85,51.58,5.083333333
1718,51.51,4.47,51.51,4.655
1719,51.51,4.09,51.51,4.226666667
1720,51.48,3.67,51.48,3.798333333
1721,51.43,3.37,51.43,3.37
1723,51.44,2.94,51.44,2.94
1724,51.5,2.74,51.5,2.74
1726,51.58,2.43,51.58,2.43
1727,51.72,2.24,51.72,2.24
1729,52.16,1.97,52.16,1.97
1730,52.41,1.97,52.41,1.97
1731,52.86,2.03,52.86,2.03
1732,53.28,2.05,53.28,2.05
1733,53.77,2.08,53.77,2.08
1734,54.27,2.17,54.27,2.17
1735,54.74,2.27,54.74,2.27
1736,55.18,2.31,55.18,2.31
1737,55.68,2.45,55.68,2.45
1738,56.07,2.6,56.07,2.6
1739,56.49,2.68,56.49,2.68
1740,56.99,2.73,56.99,2.73
1741,57.43,2.65,57.43,2.65
1742,57.74,2.63,57.74,2.63
1743,58.12,2.68,58.12,2.68
1744,58.46,2.65,58.46,2.65
1745,58.8,2.59,58.8,2.59
1746,59.12,2.5,59.12,2.5
1747,59.47,2.35,59.47,2.35
1748,59.86,2.2,59.86,2.2
1749,60.34,2.07,60.34,2.07
1750,60.77,1.86,60.81666667,1.86
1751,61.24,1.64,61.29333333,1.64
1752,61.77,1.53,61.77,1.53
1753,62.25,1.4,62.25,1.4
1754,62.75,1.26,62.75,1.26
1755,63.18,1.16,63.18,1.16
1756,63.58,1.02,63.58,1.02
1757,64.02,0.91,64.02,0.91
1758,64.51,0.86,64.51,0.86
1759,64.97,0.89,64.97,0.89
1760,65.44,1.02,65.44,1.02
1761,65.92,1.24,65.92,1.24
1762,66.36,1.32,66.36,1.32
1763,66.82,1.42,66.82,1.42
1764,67.25,1.55,67.25,1.55
1765,67.65,1.68,67.65,1.68
1766,68.09,1.86,68.135,1.86
1767,68.62,1.94,68.62,1.94
1768,69.09,1.99,69.09,1.99
1769,69.46,2.1,69.46,2.1
1770,69.79,2.21,69.79,2.21
1771,70.22,2.31,70.22,2.31
1772,70.64,2.4,70.64,2.4
1773,71.03,2.48,71.03,2.48
1774,71.42,2.58,71.42,2.58
1775,71.87,2.65,71.87,2.65
1776,72.34,2.64,72.34,2.64
1777,72.8,2.68,72.8,2.68
1778,73.27,2.59,73.27,2.59
1779,73.74,2.58,73.74,2.58
1780,74.16,2.67,74.16,2.67
1781,74.49,2.77,74.49,2.77
1782,74.86,2.84,74.86,2.84
1783,75.31,2.84,75.31,2.84
1784,75.81,2.89,75.81,2.89
1785,76.25,3.03,76.25,3.03
1786,76.66,3.19,76.66,3.19
1787,77.07,3.41,77.07,3.41
1788,77.49,3.6,77.49,3.6
1789,77.9,3.71,77.9,3.71
1790,78.23,3.67,78.23,3.67
1791,78.57,3.67,78.57,3.67
1792,78.97,3.72,78.97,3.72
1793,79.36,3.72,79.36,3.72
1794,79.8,3.78,79.8,3.78
1795,80.23,3.74,80.23,3.74
1796,80.58,3.61,80.58,3.61
1797,81.01,3.55,81.01,3.55
1798,81.43,3.37,81.5064,3.37
1799,81.92,3.38,82.0028,3.38
1800,82.45,3.42,82.4992,3.42
1801,82.93,3.34,82.9956,3.34
1802,83.48,3.39,83.492,3.39
1803,84.05,3.37,83.9884,3.37
1804,84.55,3.31,84.4848,3.31
1805,85.04,3.21,84.9812,3.21
1806,85.49,3.01,85.4776,3.01
1807,86.02,2.88,85.974,2.88
1808,86.58,2.76,86.4704,2.76
1809,87.11,2.66,86.9668,2.66
1810,87.71,2.65,87.4632,2.65
1811,88.25,2.55,87.9596,2.55
1812,88.78,2.57,88.456,2.57
1813,89.29,2.55,88.9524,2.55
1814,89.82,2.54,89.4488,2.54
1815,90.34,2.55,89.9452,2.55
1816,90.75,2.59,90.4416,2.59
1817,91.23,2.59,90.938,2.59
1818,91.74,2.62,91.4344,2.62
1819,92.21,2.64,91.9308,2.64
1820,92.68,2.71,92.4272,2.71
1821,93.1,2.56,92.9236,2.56
1822,93.42,2.43,93.42,2.43
1823,93.81,2.25,93.81,2.25
1824,94.24,2.12,94.24,2.12
1825,94.65,2,94.65,2
1826,95.01,1.85,95.01,1.85
1827,95.36,1.73,95.36,1.73
1828,95.74,1.6,95.74,1.6
1829,96.1,1.51,96.1,1.51
1830,96.44,1.45,96.44,1.45
1831,96.82,1.44,96.82,1.44
1832,97.2,1.55,97.2,1.863333333
1833,97.68,2.32,97.68,2.286666667
1834,98,2.71,98,2.71
1835,98.35,2.74,98.35,2.74
1836,98.71,2.87,98.71,2.87
1837,99.11,2.99,99.11,2.99
1838,99.47,3.05,99.47,3.05
1839,99.82,3.02,99.82,3.02
1840,100.12,3.06,100.12,3.06
1841,100.43,3.14,100.43,3.14
1842,100.7,3.2,100.7,3.2
1843,100.98,3.29,100.98,3.29
1844,101.34,3.43,101.34,3.43
1845,101.7,3.59,101.7,3.59
1846,102.09,3.69,102.09,3.69
1847,102.51,3.8,102.51,3.8
1848,102.86,3.87,102.86,3.87
1849,103.29,3.99,103.29,3.99
1850,103.58,3.96,103.58,3.96
1851,103.9,3.78,103.9,3.78
1852,104.26,3.81,104.26,3.81
1853,104.57,3.84,104.57,3.84
1854,104.84,3.9,104.84,3.9
1855,105.16,3.97,105.16,3.97
1856,105.5,4.03,105.5,4.03
1857,105.87,4.06,105.87,4.06
1858,106.27,4.16,106.27,4.16
1859,106.73,4.23,106.73,4.23
1860,107.21,4.29,107.21,4.29
1861,107.71,4.36,107.71,4.36
1862,108.21,4.37,108.2025,4.37
1863,108.74,4.44,108.695,4.44
1865,109.68,4.55,109.68,4.55
1866,110.17,4.56,110.17,4.56
1868,111.01,4.77,111.17,4.77
1869,111.54,4.78,111.67,4.78
1870,112.2,4.75,112.17,4.75
1871,112.79,4.71,112.67,4.71
1872,113.17,4.67,113.17,4.67
1873,113.64,4.58,113.64,4.58
1874,114.05,4.42,114.05,4.42
1875,114.34,4.25,114.34,4.25
1876,114.7,4.1,114.7,4.1
1877,115.08,3.8,115.08,3.8
1880,115.45,3.45,115.45,3.45
1881,115.58,3.33,115.58,3.33
1884,115.7,2.99,115.7,2.99
1885,115.68,2.88,115.68,2.88
1886,115.67,2.7,115.67,2.7
1887,115.67,2.42,115.67,2.42
1904,115.16,2.2,115.16,2.2
1905,114.93,2.12,114.93,2.12
1909,114.73,2.48,114.73,2.48
1910,114.7,2.54,114.7,2.54
1916,115.07,2.82,115.07,2.82
1917,115.24,2.89,115.24,2.89
1921,115.44,3.3,115.44,3.3
1922,115.48,3.43,115.48,3.43
1924,115.45,3.67,115.45,3.67
16397,37.16,100.77,36.26,100.77
16398,36.26,100.39,36.26,100.39
16402,36.17,100.3,35.764,100.3
16403,35.64,100.62,35.64,100.62
16407,35.99,100.44,35.99,100.44
16408,36.26,100.32,36.26,100.32
16411,36.67,100.12,36.67,100.12
16412,36.91,100.06,36.91,100.06
16414,37.2,99.87,37.2,99.87
16415,37.47,99.75,37.47,99.75
16417,37.75,99.44,37.75,99.44
16418,37.86,99.25,37.86,99.25
16420,38.07,98.91,38.07,98.91
16421,38.1,98.73,38.1,98.73
16423,38.06,98.37,38.06,98.37
16424,38.08,98.23,38.08,98.23
16426,38.19,97.97,38.19,97.97
16427,38.37,97.79,38.37,97.79
16428,38.55,97.6,38.55,97.6
16429,38.78,97.42,38.78,97.42
16430,39.05,97.27,39.05,97.27
16431,39.33,97.13,39.33,97.13
16433,39.7,96.84,39.7,96.84
16434,39.94,96.79,39.94,96.79
16436,40.42,96.59,40.42,96.59
16437,40.65,96.48,40.65,96.48
16439,41.1,96.24,41.1,96.24
16440,41.36,96.16,41.36,96.16
16441,41.67,96.07,41.67,96.07
16442,42,95.98,42,95.98
16443,42.34,95.86,42.34,95.86
16454,43.77,93.06,43.77,92.26384615
16456,42.89,91.61,42.89,91.61
16458,43.45,90.8,43.45,90.8
16459,43.81,90.63,43.81,90.63
16460,43.92,90.45,43.92,90.45
16462,43.74,90.08,43.74,90.08
16463,43.82,89.88,43.82,89.88
16465,44.14,89.7,44.14,89.7
16466,44.37,89.54,44.37,89.54
16467,44.47,89.33,44.47,89.33
16468,44.6,89.08,44.6,89.08
16469,44.6,88.83,44.6,88.83
16470,44.58,88.55,44.58,88.55
16471,44.5,88.32,44.5,88.32
16472,44.43,88.08,44.43,88.08
16473,44.38,87.84,44.38,87.84
16474,44.26,87.63,44.26,87.63
16476,44.13,87.22,44.13,87.22
16477,44.04,86.98,44.04,86.98
16478,43.87,86.77,43.87,86.77
16479,43.8,86.52,43.8,86.52
16480,43.76,86.29,43.76,86.29
16481,43.73,86.02,43.73,86.02
16482,43.66,85.77,43.66,85.77
16483,43.56,85.53,43.56,85.53
16486,43.74,85.12,43.74,85.12
16487,43.79,84.98,43.79,84.98
16489,43.53,84.65,43.53,84.65
16490,43.28,84.51,43.28,84.51
16492,43.01,84.16,43.01,84.16
16493,42.87,83.99,42.87,83.99
16494,43.12,83.78,43.12,83.78
16495,43.34,83.59,43.34,83.59
16497,43.53,83.23,43.53,83.23
16498,43.54,83.09,43.54,83.09
16500,43.37,82.83,43.37,82.83
16501,43.32,82.58,43.32,82.58
16502,43.26,82.27,43.26,82.27
16503,43.28,82.05,43.28,82.05
16505,43.31,81.68,43.31,81.68
16506,43.36,81.4,43.36,81.4
16507,43.51,81.07,43.51,81.07
16508,43.65,80.74,43.65,80.74
16509,43.64,80.46,43.64,80.46
16510,43.68,80.25,43.68,80.25
16512,43.75,79.86,43.75,79.86
16513,43.74,79.63,43.74,79.63
16514,43.84,79.32,43.84,79.32
16515,43.87,79.02,43.87,79.02
16516,43.84,78.71,43.84,78.71
16517,43.86,78.39,43.86,78.39
16518,43.96,78.05,43.96,78.05
16519,44.12,77.72,44.12,77.72
16520,44.27,77.44,44.27,77.44
16521,44.34,77.17,44.34,77.17
16522,44.39,76.93,44.39,76.93
16523,44.35,76.67,44.35,76.67
16524,44.42,76.43,44.42,76.43
16525,44.39,76.04,44.39,76.04
16526,44.31,75.66,44.31,75.66
16527,44.19,75.39,44.19,75.39
16569,44.11,74.97,41.94348837,74.97
16570,41.89,75.01,41.89,75.01
16571,41.74,75.19,41.74,75.19
16572,41.58,75.42,41.58,75.42
16573,41.41,75.67,41.41,75.67
16574,41.16,75.82,41.16,75.82
16598,40.76,75.93,40.76,75.93
16659,28.62,79.82,37.48730159,76.04619048
16660,34.37,77.02,37.43365079,76.04809524
16661,37.38,76.05,37.38,76.05
16667,37.38,76.05,38.51225806,74.79
16668,41.7,74.58,38.70096774,74.58
16691,42.26,74.66,43.04129032,74.66
16692,43.23,74.18,43.23,74.18
16698,43.31,73.87,43.31,73.87
16699,43.5,73.74,43.5,73.74
16701,43.5,73.34,43.5,73.34
16702,43.49,73.27,43.49,73.27
16705,43.56,72.89,43.56,72.89
16706,43.66,72.67,43.66,72.67
16712,43.49,72.32,42.66571429,72.32
16713,42.5,72.22,42.5,72.22
16715,42.03,72.23,42.03,72.23
16716,41.78,72.27,41.78,72.27
16717,41.38,72.36,41.38,72.36
16718,40.9,72.41,40.9,72.41
16719,40.52,72.38,40.52,72.38
16720,40.27,72.29,40.27,72.29
16721,40.02,72.21,40.02,72.21
16722,39.65,72.21,39.65,72.21
16723,39.23,72.25,39.23,72.25
16724,38.74,72.3,38.74,72.3
16725,38.3,72.3,38.3,72.3
16726,37.93,72.27,37.93,72.27
16727,37.51,72.29,37.465,72.29
16728,37,72.35,37,72.35
16729,36.56,72.24,36.56,72.24
16730,36.27,72.12,36.27,72.12
16731,35.89,72.03,35.89,72.03
16732,35.49,71.98,35.49,71.98
16733,35.07,71.92,35.07,71.92
16734,34.73,71.86,34.73,71.86
16735,34.29,71.82,34.29,71.82
16736,33.84,71.78,33.84,71.78
16737,33.48,71.73,33.48,71.73
16738,33.09,71.66,33.09,71.66
16739,32.67,71.6,32.67,71.6
16740,32.37,71.45,32.37,71.45
16741,32.09,71.34,32.09,71.34
16742,31.78,71.24,31.78,71.24
16743,31.5,71.14,31.5,71.14
16744,31.19,71.02,31.19,71.02
16745,30.86,70.91,30.86,70.91
16746,30.49,70.84,30.49,70.84
16748,29.9,70.81,29.9,70.81
16749,29.65,70.77,29.65,70.77
16750,29.38,70.74,29.38,70.74
16751,29.03,70.79,29.03,70.79
16752,28.68,70.88,28.5625,70.88
16753,28.29,70.98,28.095,70.98
16754,27.91,71.11,27.6275,71.11
16755,27.16,71.47,27.16,71.47
16756,26.66,71.73,26.66,71.73
16757,26.18,71.99,26.18,71.99
16758,25.7,72.35,25.7,72.35
16759,25.53,72.6,25.53,72.6
16760,25.4,72.82,25.4,72.82
16762,25.19,73.1,25.19,73.1
16763,25.04,73.25,25.04,73.25
25971,25.69,73.81,25.69,73.81
25972,25.79,73.57,25.79,73.57
25973,25.92,73.34,25.92,73.34
25974,26.35,73.19,26.35,73.19
25975,26.72,72.93,26.72,72.93
25976,27.2,72.64,27.2,72.64
25977,27.59,72.47,27.59,72.47
25978,27.96,72.37,27.96,72.37
25979,28.26,72.3,28.26,72.3
25980,28.61,72.28,28.61,72.28
25981,29.08,72.36,29.08,72.36
25982,29.46,72.39,29.46,72.39
25983,29.91,72.36,29.91,72.36
25984,30.25,72.29,30.25,72.29
25985,30.61,72.19,30.61,72.19
25986,31.06,72.08,31.06,72.08
25987,31.51,71.92,31.51,71.92
25988,31.91,71.74,31.91,71.74
25989,32.28,71.6,32.28,71.6
25990,32.69,71.47,32.69,71.47
25991,33.12,71.31,33.12,71.31
25992,33.6,71.08,33.6,71.08
25993,34.1,70.93,34.1,70.93
25994,34.52,70.92,34.5975,70.92
25995,34.97,70.92,35.095,70.92
25996,35.44,71.05,35.5925,71.05
25997,35.91,71.22,36.09,71.22
25998,36.46,71.49,36.5875,71.49
25999,37.06,71.53,37.085,71.53
26000,37.6,71.48,37.5825,71.48
26001,38.11,71.49,38.08,71.49
26002,38.64,71.53,38.5775,71.53
26003,39.18,71.47,39.075,71.47
26004,39.66,71.45,39.5725,71.45
26005,40.07,71.53,40.07,71.53
26006,40.51,71.57,40.51,71.57
26007,40.82,71.8,40.82,71.8
26008,41.21,72.01,41.29666667,72.01
26009,41.73,71.97,41.77333333,71.97
26010,42.25,71.85,42.25,71.85
26011,42.7,71.85,42.7,71.85
26012,43.17,71.8,43.17,71.8
26013,43.61,71.78,43.61,71.78
26014,44.01,71.77,44.01,71.77
26015,44.47,71.76,44.47,71.76
26016,44.89,71.76,44.89,71.76
26017,45.23,71.73,45.23,71.73
26022,45.56,71.45,45.56,71.45
26023,45.69,71.14,45.69,71.14
26024,45.8,70.78,45.8,70.78
26025,45.79,70.51,45.79,70.51
26027,45.77,70.12,45.77,70.12
26028,45.78,69.72,45.78,69.692
26029,45.83,69.32,45.83,69.264
26030,45.93,68.79,45.93,68.836
26031,46.07,68.39,46.07,68.408
26032,46.16,67.98,46.16,67.98
26033,46.14,67.59,46.14,67.59
26034,46.11,67.29,46.11,67.29
26035,46,67.03,46,66.872
26036,45.91,66.56,45.91,66.454
26037,45.92,66.22,45.92,66.036
26038,45.97,65.71,45.97,65.618
26039,46.06,65.2,46.06,65.2
26040,46.11,64.87,46.11,64.87
26041,46.11,64.52,46.11,64.52
26042,46.14,64.23,46.14,64.23
26043,46.15,63.95,46.15,63.95
26045,46.07,63.52,46.07,63.52
26046,46.09,63.29,46.09,63.29
26047,46.15,62.88,46.15,62.8675
26048,46.22,62.39,46.22,62.445
26049,46.28,61.94,46.28,62.0225
26050,46.38,61.46,46.38,61.6
26051,46.53,61.01,46.53,61.1775
26052,46.62,60.63,46.62,60.755
26053,46.69,60.25,46.69,60.3325
26054,46.75,59.91,46.75,59.91
26055,46.78,59.58,46.78,59.58
26056,46.82,59.3,46.82,59.3
26057,46.86,59.04,46.86,59.04
26058,46.93,58.78,46.93,58.78
26059,47.03,58.49,47.03,58.49
26061,47.06,58.07,47.06,58.07
26062,47.02,57.87,47.02,57.87
26063,47.03,57.63,47.03,57.63
26064,47.09,57.39,47.09,57.39
26065,47.12,57.13,47.12,57.13
26066,47.14,56.82,47.14,56.82
26067,47.07,56.49,47.07,56.49
26068,47.08,56.2,47.08,56.2
26069,47.13,55.97,47.13,55.97
26070,47.21,55.75,47.21,55.75
26071,47.22,55.53,47.22,55.53
26072,47.24,55.18,47.24,55.18
26073,47.25,54.79,47.25,54.79
26074,47.21,54.42,47.21,54.42
26075,47.23,54.09,47.23,54.09
26076,47.23,53.81,47.23,53.81
26077,47.24,53.56,47.24,53.56
26078,47.31,53.29,47.31,53.16666667
26079,47.4,52.84,47.4,52.77333333
26080,47.46,52.38,47.46,52.38
26081,47.47,51.96,47.47,51.96
26082,47.49,51.61,47.49,51.61
26084,47.57,51.25,47.57,51.25
26085,47.67,51.01,47.67,51.01
26086,47.75,50.69,47.75,50.69
26087,47.8,50.33,47.8,50.33
26088,47.8,49.92,47.8,49.92
26089,47.75,49.53,47.75,49.53
26090,47.69,49.26,47.69,49.26
26091,47.67,49.01,47.67,49.01
26092,47.68,48.74,47.68,48.74
26093,47.69,48.43,47.69,48.43
26094,47.64,48.08,47.64,48.08
26095,47.52,47.77,47.52,47.77
26096,47.5,47.47,47.5,47.47
26097,47.59,47.14,47.59,47.14
26098,47.7,46.81,47.7,46.81
26099,47.82,46.51,47.82,46.51
26100,47.9,46.24,47.9,46.24
26101,47.98,45.96,47.98,45.96
26102,48.09,45.61,48.09,45.61
26103,48.25,45.25,48.25,45.25
26104,48.34,44.9,48.34,44.9
26105,48.43,44.54,48.43,44.54
26106,48.4,44.27,48.4,44.27
26107,48.47,44.01,48.47,44.01
26108,48.63,43.75,48.63,43.75
26109,48.74,43.46,48.74,43.46
26110,48.77,43.14,48.77,43.14
26111,48.82,42.77,48.82,42.77
26112,48.89,42.39,48.89,42.39
26113,48.94,42.03,48.94,42.03
26114,48.87,41.68,48.87,41.68
26115,48.88,41.31,48.88,41.31
26116,48.87,40.95,48.87,40.95
26117,48.91,40.58,48.91,40.58
26118,48.91,40.2,48.91,40.2
26119,48.94,39.84,48.94,39.77
26120,49.04,39.39,49.04,39.34
26121,49.13,38.87,49.13,38.91
26122,49.23,38.42,49.23,38.48
26123,49.31,38.05,49.31,38.05
26124,49.37,37.66,49.37,37.66
26125,49.44,37.27,49.44,37.27
26126,49.58,36.93,49.58,36.93
26127,49.7,36.57,49.7,36.57
26128,49.77,36.19,49.77,36.19
26129,49.82,35.81,49.82,35.81
26130,49.91,35.43,49.91,35.43
26131,49.98,35.09,49.98,35.09
26132,50,34.72,50,34.72
26133,50,34.37,50,34.37
26134,50.07,34.08,50.07,34.08
26135,50.16,33.81,50.16,33.81
26136,50.12,33.56,50.12,33.56
26137,50.03,33.26,50.03,33.26
26138,50.09,32.94,50.09,32.94
26139,50.25,32.74,50.25,32.74
26140,50.34,32.52,50.34,32.52
26141,50.33,32.25,50.33,32.25
26142,50.33,31.94,50.33,31.94
26144,50.32,31.51,50.32,31.51
26145,50.22,31.31,50.22,31.31
26146,50.18,31.1,50.18,31.1
26147,50.19,30.84,50.19,30.84
26148,50.2,30.57,50.2,30.57
26149,50.16,30.23,50.16,30.23
26150,50.04,29.96,50.04,29.96
26151,49.89,29.75,49.89,29.75
26152,49.73,29.52,49.73,29.52
26153,49.64,29.22,49.64,29.10333333
26154,49.73,28.79,49.73,28.68666667
26155,49.86,28.4,49.86,28.27
26156,49.94,27.93,49.94,27.85333333
26157,49.93,27.44,49.93,27.43666667
26158,49.92,26.96,49.92,27.02
26159,49.94,26.5,49.94,26.60333333
26160,49.94,26.03,49.94,26.18666667
26161,49.9,25.63,49.9,25.77
26162,49.83,25.19,49.83,25.35333333
26163,49.79,24.73,49.79,24.93666667
26164,49.94,24.13,49.94,24.52
26165,50.04,23.7,50.04,24.10333333
26166,50.05,23.23,50.05,23.68666667
26167,50.06,22.72,50.06,23.27
26168,50.03,22.29,50.03,22.85333333
26169,50.13,21.9,50.13,22.43666667
26170,50.26,21.51,50.26,22.02
26171,50.39,21.2,50.39,21.60333333
26173,50.66,20.77,50.66,20.77
26176,50.44,20.38,50.44,20.38
26177,50.3,20.1,50.3,20.1
26178,50.25,19.82,50.25,19.82
26179,50.24,19.46,50.24,19.46
26180,50.29,19.08,50.29,19.08
26181,50.36,18.72,50.36,18.72
26182,50.53,18.35,50.53,18.35
26183,50.64,18.04,50.64,18.04
26184,50.79,17.69,50.79,17.62
26185,50.97,17.27,50.97,17.2
26186,51.07,16.81,51.07,16.78
26187,51.16,16.36,51.16,16.36
26188,51.23,16,51.23,16
26189,51.31,15.72,51.31,15.72
26190,51.27,15.37,51.27,15.37
26191,51.27,14.96,51.27,14.96
26192,51.16,14.56,51.16,14.56
26193,51.31,14.16,51.31,14.16
26194,51.41,13.77,51.41,13.77
26195,51.41,13.41,51.41,13.41
26196,51.45,12.99,51.45,12.99
26197,51.45,12.62,51.45,12.62
26198,51.43,12.3,51.43,12.3
26199,51.26,12.01,51.26,12.01
26200,51.03,11.61,51.03,11.61
26201,50.94,11.19,50.94,11.19
26202,50.88,10.82,50.88,10.82
26203,50.68,10.49,50.68,10.49
26204,50.71,10.07,50.71,10.07
26205,50.91,9.71,50.91,9.71
26206,51.25,9.38,51.25,9.38
26207,51.37,9.06,51.37,9.06
26208,51.43,8.77,51.43,8.77
26209,51.6,8.54,51.6,8.54
26210,51.98,8.3,51.98,8.3
26211,52.3,8.06,52.3,8.06
26212,52.62,7.91,52.62,7.91
26213,52.88,7.84,52.88,7.84
26215,53.16,7.57,53.16,7.57
26216,53.26,7.29,53.26,7.29
26217,53.37,6.9,53.37,6.9
26218,53.46,6.57,53.46,6.57
26219,53.6,6.27,53.6,6.27
26220,53.79,5.95,53.79,5.95
26221,53.92,5.62,53.92,5.62
26222,53.94,5.33,53.94,5.33
26223,53.83,5.05,53.83,5.05
26224,53.75,4.73,53.75,4.73
26225,53.78,4.44,53.78,4.44
26226,53.96,4.17,53.96,4.17
26227,54.21,3.97,54.21,3.97
26228,54.52,3.81,54.52,3.81
26229,54.88,3.66,54.88,3.66
26230,55.19,3.55,55.19,3.55
26231,55.62,3.46,55.62,3.46
26232,56.02,3.41,56.02,3.41
26233,56.44,3.33,56.495,3.33
26234,56.97,3.14,56.97,3.14
26235,57.47,3,57.47,3
26236,57.9,3.04,57.97,3.04
26237,58.41,2.98,58.47,2.98
26238,58.97,2.93,58.97,2.93
26239,59.46,2.92,59.46,2.92
26240,59.9,2.86,59.9,2.86
26241,60.3,2.67,60.3,2.67
26242,60.7,2.42,60.7,2.42
26243,61.15,2.26,61.15,2.26
26244,61.61,2.21,61.61,2.21
26245,62.07,2.14,62.07,2.14
26246,62.56,2.04,62.56,2.04
26247,62.98,1.89,62.98,1.89
26248,63.34,1.84,63.34,1.84
26249,63.71,1.84,63.71,1.84
26250,64.07,1.85,64.07,1.85
26251,64.51,1.84,64.51,1.84
26252,64.95,1.84,64.95,1.84
26253,65.38,1.84,65.38,1.84
26254,65.83,1.88,65.83,1.88
26255,66.31,1.92,66.33,1.92
26256,66.83,2.07,66.83,2.07
26257,67.3,2.2,67.3,2.2
26258,67.7,2.35,67.7,2.35
26259,68.13,2.43,68.1875,2.43
26260,68.59,2.56,68.675,2.56
26261,69.1,2.69,69.1625,2.69
26262,69.65,2.75,69.65,2.75
26263,70.13,2.82,70.13,2.82
26264,70.51,2.85,70.51,2.85
26265,70.89,2.82,70.89,2.82
26266,71.19,2.86,71.19,2.86
26268,71.69,2.93,71.69,2.93
26269,71.9,2.97,71.9,2.97
26271,72.45,2.97,72.45,2.97
26272,72.81,2.88,72.81,2.88
26274,73.29,2.97,73.29,2.97
26275,73.58,3,73.58,3
26276,73.86,3.12,73.86,3.12
26277,74.19,3.26,74.19,3.26
26278,74.57,3.32,74.57,3.32
26279,74.88,3.37,74.88,3.37
26280,75.21,3.46,75.37714286,3.46
26281,75.62,3.49,75.87428571,3.49
26282,76.16,3.48,76.37142857,3.48
26283,76.7,3.41,76.86857143,3.41
26284,77.22,3.32,77.36571429,3.32
26285,77.84,3.27,77.86285714,3.27
26286,78.36,3.28,78.36,3.28
26287,78.83,3.32,78.83,3.32
26288,79.19,3.45,79.19,3.45
26289,79.56,3.57,79.56,3.57
26290,80.02,3.58,80.045,3.58
26291,80.53,3.56,80.53,3.56
26292,81.01,3.61,81.01,3.61
26293,81.46,3.71,81.46,3.71
26294,81.85,3.74,81.85,3.74
26295,82.17,3.71,82.17,3.71
26296,82.48,3.69,82.48,3.69
26297,82.81,3.64,82.81,3.64
26298,83.15,3.53,83.15,3.53
26299,83.52,3.43,83.52,3.43
26300,83.92,3.43,83.92,3.43
26301,84.31,3.46,84.31,3.46
26302,84.64,3.46,84.64,3.46
26303,85.04,3.45,85.04,3.45
26304,85.47,3.55,85.47,3.55
26305,85.85,3.71,85.85,3.71
26306,86.2,3.85,86.2,3.85
26307,86.6,4.07,86.6,4.07
26308,86.86,4.37,86.86,4.37
26309,87.11,4.61,87.11,4.61
26310,87.37,4.72,87.37,4.72
26311,87.71,4.67,87.71,4.67
26312,88.16,4.65,88.195,4.65
26313,88.68,4.51,88.68,4.51
26314,89.12,4.42,89.12,4.42
26315,89.54,4.38,89.62,4.38
26316,90.08,4.21,90.12,4.21
26317,90.6,4.12,90.62,4.12
26318,91.1,4.06,91.12,4.06
26319,91.66,3.98,91.62,3.98
26320,92.14,3.95,92.12,3.95
26321,92.6,3.95,92.62,3.95
26322,93.12,3.98,93.12,3.98
26323,93.46,4.01,93.46,4.01
26324,93.92,4.01,93.92,4.01
26325,94.38,4.01,94.38,4.01
26326,94.82,3.99,94.82,3.99
26327,95.24,3.95,95.24,3.95
26328,95.71,3.99,95.71,3.99
26329,96.2,3.99,96.2,3.99
26330,96.7,3.94,96.7,3.94
26331,97.14,3.84,97.14,3.84
26332,97.55,3.85,97.55,3.85
26333,97.97,3.84,97.97,3.84
26334,98.4,3.88,98.4,3.88
26335,98.84,3.95,98.84,3.95
26336,99.28,4,99.28,4
26337,99.72,4.03,99.72,4.03
26338,100.18,4.03,100.18,4.03
26339,100.66,4.04,100.66,4.04
26340,101.11,4.03,101.11,4.03
26341,101.58,4,101.58,4
26342,102,4.01,102,4.01
26343,102.39,4.02,102.39,4.02
26344,102.82,3.98,102.82,3.98
26345,103.32,4,103.32,4
26346,103.73,3.99,103.73,3.99
26347,104.1,3.99,104.1,3.99
26348,104.47,4.05,104.47,4.05
26349,104.9,4,104.9,4
26350,105.27,4.01,105.27,4.01
26351,105.64,4.05,105.64,4.05
26352,106.02,4.17,106.02,4.17
26353,106.38,4.36,106.38,4.36
26354,106.77,4.43,106.77,4.43
26355,107.23,4.41,107.23,4.41
26356,107.65,4.43,107.65,4.43
26357,108.01,4.45,108.01,4.45
26358,108.42,4.52,108.42,4.52
26359,108.82,4.57,108.82,4.57
26360,109.26,4.64,109.26,4.64
26361,109.74,4.7,109.74,4.7
26362,110.19,4.76,110.19,4.76
26363,110.61,4.79,110.61,4.79
26364,110.97,4.83,110.97,4.83
26365,111.27,4.87,111.27,4.87
26366,111.58,4.95,111.58,4.95
26367,111.89,5.07,111.89,5.07
26368,112.21,5.22,112.21,5.22
26369,112.49,5.37,112.49,5.37
26370,112.77,5.45,112.77,5.45
26371,113.02,5.48,113.22,5.48
26372,113.51,5.22,113.67,5.22
26373,114.12,4.88,114.12,4.88
26374,114.35,4.64,114.35,4.64
26375,114.55,4.4,114.55,4.4
26376,114.75,4.14,114.75,4.14
26377,114.77,3.89,114.77,3.89
26383,114.23,3.82,114.23,3.82
26384,114.1,3.73,114.1,3.73
26390,113.88,3.48,113.88,3.48
26391,113.77,3.16,113.77,3.16
26393,113.52,2.88,113.52,2.88
26394,113.32,2.77,113.32,2.77
26396,112.88,3.04,112.88,3.04
26398,112.29,3.1,112.29,3.1
26399,111.81,3.28,111.81,3.28
26400,111.34,3.33,111.34,3.33
26401,110.85,3.36,110.85,3.36
26402,110.44,3.4,110.44,3.4
26414,109.65,2.87,109.65,2.87
26423,109.65,2.87,113.187,2.87
26424,113.58,2.6,113.58,2.6
26428,114.05,2.41,114.05,2.41
26429,114.07,2,114.07,2
34798,119.95,2.89,119.95,2.89
36112,109.35,5.19,109.35,5.19
36125,109.35,5.19,111.4485714,4.001428571
36126,111.61,3.91,111.61,3.91
36128,112.09,3.69,112.09,3.69
36129,112.35,3.64,112.35,3.64
36130,112.35,3.64,112.755,3.64
36131,113.16,3.59,113.16,3.59
36133,113.72,3.51,113.72,3.51
36134,114,3.41,114,3.41
36137,114.58,3.41,114.58,3.41
36138,114.7,3.74,114.7,3.74
36142,114.36,3.38,114.36,3.38
36143,114.06,3.27,114.06,3.27
36144,113.78,3.09,113.78,3.09
36145,113.52,2.94,113.52,2.94
36146,113.18,2.74,113.18,2.74
36147,112.89,2.61,112.89,2.61
36148,112.49,2.64,112.49,2.64
36149,112.21,2.7,112.21,2.7
36150,111.91,2.76,111.91,2.76
36151,111.55,2.71,111.55,2.71
36152,111.27,2.72,111.27,2.72
36153,110.87,2.82,110.87,2.82
36154,110.49,2.84,110.49,2.84
36155,110.03,2.95,110.03,2.95
36156,109.68,3.05,109.68,3.05
36157,109.34,3.13,109.34,3.13
36158,108.99,3.1,108.99,3.1
36159,108.73,3.07,108.73,3.07
36160,108.51,3.03,108.51,3.03
36161,108.06,3.06,108.06,3.06
36162,107.6,3.05,107.6,3.05
36163,107.17,3,107.17,3
36164,106.68,2.98,106.68,2.98
36165,106.2,3.04,106.2,3.04
36166,105.72,3.11,105.72,3.11
36167,105.26,3.19,105.26,3.19
36168,104.87,3.2,104.87,3.2
36169,104.45,3.23,104.45,3.23
36170,103.97,3.29,103.97,3.29
36171,103.55,3.41,103.55,3.41
36172,103.21,3.46,103.21,3.46
36173,102.75,3.56,102.75,3.56
36174,102.32,3.6,102.32,3.6
36175,101.84,3.65,101.84,3.65
36176,101.41,3.71,101.41,3.71
36177,101.16,3.72,101.16,3.72
36178,100.94,3.79,100.94,3.79
36179,100.57,3.88,100.57,3.88
36180,100.2,3.97,100.2,3.97
36181,99.84,4.05,99.84,4.05
36182,99.52,4.13,99.52,4.13
36183,99.16,4.25,99.16,4.25
36184,98.83,4.33,98.83,4.33
36185,98.46,4.41,98.46,4.41
36186,98.1,4.46,98.1,4.46
36187,97.83,4.42,97.83,4.42
36189,97.26,4.33,97.26,4.33
36190,96.92,4.34,96.92,4.34
36191,96.53,4.4,96.53,4.4
36192,96.15,4.47,96.15,4.47
36194,95.61,4.41,95.61,4.41
36195,95.39,4.29,95.39,4.29
36196,95.09,4.19,95.09,4.19
36197,94.78,4.16,94.78,4.16
36198,94.47,4.09,94.47,4.09
36199,94.14,4.06,94.14,4.06
36200,93.79,4.06,93.79,4.06
36201,93.46,4.06,93.46,4.06
36202,93.16,4.04,93.16,4.04
36203,92.86,4.04,92.86,4.04
36204,92.56,4.05,92.56,4.05
36205,92.18,4.08,92.18,4.08
36206,91.82,4.05,91.82,4.05
36207,91.49,4.01,91.49,4.01
36208,91.17,3.99,91.17,3.99
36209,90.87,3.95,90.87,3.95
36210,90.5,3.94,90.5,3.94
36211,90.2,3.85,90.2,3.85
36212,89.92,3.77,89.92,3.77
36213,89.64,3.68,89.64,3.68
36214,89.32,3.63,89.32,3.63
36215,89.02,3.59,89.02,3.59
36216,88.7,3.51,88.7,3.51
36217,88.4,3.44,88.4,3.44
36218,88.08,3.32,88.08,3.32
36219,87.77,3.23,87.77,3.23
36221,87.22,3.14,87.22,3.14
36222,87.06,3.02,87.06,3.02
36223,86.71,2.99,86.71,2.99
36224,86.38,2.98,86.38,2.98
36226,85.87,2.97,85.87,2.97
36227,85.47,3.06,85.47,3.06
36229,84.93,3.02,84.93,3.02
36230,84.59,3.04,84.59,3.04
36231,84.22,3.26,84.22,3.26
36232,83.9,3.36,83.9,3.36
36233,83.61,3.25,83.61,3.25
36234,83.24,3.24,83.24,3.24
36236,82.78,3.2,82.78,3.2
36237,82.6,3.11,82.6,3.11
36239,82.11,2.86,82.11,2.86
36240,81.73,2.93,81.73,2.93
36241,81.3,2.94,81.3,2.94
36242,80.86,3,80.86,3
36244,80.35,2.78,80.35,2.78
36245,80.04,2.77,80.04,2.77
36246,79.71,2.81,79.71,2.81
36247,79.37,2.84,79.37,2.84
36248,79.03,2.84,79.03,2.84
36249,78.63,2.88,78.63,2.88
36251,78.07,2.93,78.07,2.93
36252,77.84,2.98,77.84,2.98
36253,77.54,2.94,77.54,2.94
36254,77.22,2.94,77.22,2.94
36255,76.95,2.85,76.95,2.85
36256,76.69,2.68,76.69,2.68
36257,76.25,2.61,76.25,2.61
36258,75.89,2.53,75.89,2.53
36259,75.45,2.36,75.45,2.36
36260,75.07,2.33,75.07,2.33
36261,74.66,2.27,74.66,2.27
36262,74.25,2.28,74.25,2.28
36263,73.86,2.36,73.86,2.36
36264,73.58,2.34,73.58,2.34
36265,73.37,2.2,73.37,2.2
36266,72.98,2.28,72.98,2.28
36267,72.67,2.18,72.67,2.18
36268,72.4,2.07,72.4,2.07
36269,72.06,2.08,72.06,2.08
36270,71.64,2.19,71.64,2.19
36271,71.23,2.26,71.23,2.26
36272,70.73,2.38,70.73,2.38
36273,70.31,2.5,70.31,2.5
36274,69.91,2.52,69.91,2.52
36275,69.52,2.53,69.52,2.53
36276,69.15,2.58,69.15,2.58
36277,68.73,2.63,68.73,2.63
36278,68.27,2.66,68.27,2.66
36279,67.8,2.7,67.8,2.7
36280,67.41,2.64,67.41,2.64
36281,67.03,2.57,67.03,2.57
36282,66.68,2.52,66.68,2.52
36283,66.42,2.39,66.42,2.39
36284,66.14,2.29,66.14,2.29
36285,65.8,2.25,65.8,2.25
36286,65.47,2.23,65.47,2.23
36287,65.12,2.17,65.12,2.17
36288,64.8,2.03,64.8,2.03
36289,64.46,1.99,64.46,1.99
36290,64.1,1.99,64.1,1.99
36291,63.74,1.94,63.74,1.94
36292,63.44,1.88,63.44,1.88
36293,63.11,1.78,63.11,1.78
36294,62.81,1.66,62.81,1.66
36295,62.44,1.59,62.44,1.59
36296,61.99,1.56,61.99,1.56
36297,61.69,1.52,61.69,1.52
36298,61.28,1.54,61.28,1.54
36299,60.87,1.54,60.87,1.54
36300,60.47,1.58,60.47,1.58
36301,60.03,1.68,60.03,1.68
36302,59.56,1.7,59.56,1.7
36303,59.23,1.66,59.23,1.66
36304,58.77,1.64,58.77,1.64
36305,58.41,1.6,58.41,1.6
36306,58.05,1.55,58.05,1.55
36307,57.64,1.45,57.64,1.45
36308,57.26,1.34,57.26,1.34
36309,56.85,1.27,56.85,1.27
36310,56.46,1.24,56.46,1.24
36311,56.13,1.19,56.13,1.19
36312,55.79,1.16,55.79,1.16
36313,55.44,1.12,55.44,1.12
36314,55,1.12,55,1.12
36315,54.61,1.11,54.61,1.11
36316,54.2,1.16,54.14,1.16
36317,53.67,1.37,53.67,1.37
36318,53.18,1.54,53.18,1.54
36319,52.76,1.76,52.76,1.76
36320,52.42,2.04,52.42,2.04
36321,52.05,2.35,52.05,2.35
36322,51.74,2.63,51.74,2.63
36323,51.4,2.93,51.4,2.93
36324,51.12,3.25,51.12,3.25
36325,50.87,3.57,50.87,3.57
36326,50.75,3.88,50.75,3.88
36327,50.64,4.21,50.64,4.21
36328,50.55,4.54,50.55,4.54
36329,50.5,4.87,50.5,4.87
36330,50.5,5.16,50.5,5.16
36331,50.46,5.48,50.46,5.48
36333,50.22,5.87,50.22,5.87
36334,50.06,6.09,50.06,6.09
36335,49.95,6.43,49.95,6.43
36336,49.94,6.76,49.94,6.76
36337,49.94,7.15,49.94,7.15
36338,49.94,7.51,49.94,7.51
36339,50.04,7.83,50.04,7.83
36340,50.15,8.15,50.15,8.15
36341,50.14,8.48,50.14,8.48
36342,50.11,8.79,50.11,8.79
36343,50.03,9.08,50.03,9.08
36344,49.92,9.38,49.92,9.38
36345,49.88,9.67,49.88,9.67
36346,49.81,9.96,49.81,9.96
36347,49.68,10.33,49.68,10.33
36348,49.56,10.68,49.56,10.68
36349,49.47,11.08,49.47,11.08
36350,49.35,11.47,49.35,11.47
36351,49.4,11.8,49.4,11.8
36352,49.37,12.15,49.37,12.15
36353,49.28,12.53,49.28,12.53
36354,49.23,12.81,49.23,12.81
36355,49.15,13.06,49.15,13.06
36356,49.04,13.33,49.04,13.33
36357,48.92,13.62,48.92,13.62
36358,48.89,13.92,48.89,13.92
36359,48.9,14.19,48.9,14.19
36360,48.86,14.5,48.86,14.5
36361,48.85,14.77,48.85,14.77
36362,48.76,15.1,48.76,15.1
36363,48.67,15.41,48.67,15.41
36364,48.61,15.77,48.61,15.77
36365,48.56,16.18,48.56,16.18
36366,48.51,16.57,48.51,16.57
36367,48.46,16.86,48.46,16.86
36368,48.36,17.16,48.36,17.16
36370,48.26,17.55,48.26,17.55
36371,48.25,17.79,48.25,17.79
36372,48.26,18.02,48.26,18.02
36373,48.26,18.29,48.26,18.29
36374,48.35,18.57,48.35,18.57
36375,48.45,18.81,48.45,18.81
36376,48.48,19.08,48.48,19.08
36377,48.41,19.41,48.41,19.41
36378,48.27,19.81,48.27,19.81
36379,48.2,20.09,48.2,20.09
36380,48.2,20.41,48.2,20.41
36381,48.24,20.7,48.24,20.7
36383,48.19,21.04,48.19,21.04
36384,48.06,21.22,48.06,21.22
36385,47.91,21.51,47.91,21.51
36386,47.82,21.78,47.82,21.78
36387,47.69,22.03,47.69,22.03
36388,47.65,22.3,47.65,22.3
36389,47.6,22.53,47.6,22.53
36390,47.56,22.79,47.56,22.79
36392,47.74,23.11,47.74,23.11
36393,47.9,23.23,47.9,23.23
36394,48.1,23.45,48.1,23.45
36395,48.16,23.69,48.16,23.69
36396,48.2,24.06,48.2,24.105
36397,48.18,24.52,48.18,24.52
36398,48.05,24.83,48.05,24.83
36399,47.86,25.11,47.86,25.11
36400,47.63,25.38,47.63,25.38
36401,47.52,25.71,47.52,25.71
36402,47.49,26,47.49,26
36403,47.61,26.33,47.61,26.33
36404,47.7,26.62,47.7,26.62
36405,47.77,26.94,47.77,26.94
36406,47.86,27.21,47.86,27.21
36407,47.81,27.45,47.81,27.45
36408,47.73,27.63,47.73,27.85857143
36409,47.64,27.88,47.64,28.26714286
36410,47.47,28.22,47.47,28.67571429
36411,47.28,28.71,47.28,29.08428571
36412,47.23,29.32,47.23,29.49285714
36413,47.3,29.79,47.3,29.90142857
36414,47.36,30.31,47.36,30.31
36415,47.5,30.68,47.5,30.68
36416,47.59,30.99,47.59,30.99
36417,47.63,31.29,47.63,31.29
36418,47.61,31.54,47.61,31.54
36419,47.65,31.75,47.65,31.75
36420,47.69,32.06,47.69,32.06
36421,47.69,32.38,47.69,32.38
36422,47.79,32.65,47.79,32.65
36424,48.03,33.02,48.03,33.02
36425,48,33.3,48,33.3
36426,47.93,33.5,47.93,33.5
36427,47.81,33.86,47.81,33.86
36428,47.67,34.08,47.67,34.08
36429,47.6,34.33,47.6,34.33
36430,47.51,34.56,47.51,34.56
36431,47.42,34.87,47.42,34.87
36432,47.35,35.24,47.35,35.24
36433,47.39,35.57,47.39,35.57
36434,47.39,35.87,47.39,35.87
36435,47.3,36.14,47.3,36.14
36436,47.25,36.43,47.25,36.43
36437,47.05,36.77,47.05,36.77
36438,46.88,37.04,46.88,37.04
36439,46.8,37.32,46.8,37.32
36440,46.73,37.59,46.73,37.59
36441,46.66,37.77,46.66,37.77
36443,46.53,38.19,46.53,38.19
36444,46.44,38.41,46.44,38.41
36445,46.45,38.65,46.45,38.65
36446,46.47,39,46.47,39
36447,46.56,39.21,46.56,39.21
36448,46.68,39.47,46.68,39.47
36449,46.72,39.73,46.72,39.73
36450,46.65,40.07,46.65,40.07
36451,46.57,40.46,46.57,40.46
36452,46.52,40.72,46.52,40.72
36453,46.51,41.07,46.51,41.07
36454,46.57,41.43,46.57,41.43
36455,46.6,41.72,46.6,41.72
36456,46.6,42.02,46.6,42.02
36457,46.5,42.33,46.5,42.33
36458,46.38,42.57,46.38,42.57
36460,46.18,42.92,46.18,42.92
36461,46.17,43.14,46.17,43.14
36462,46.17,43.37,46.17,43.37
36463,46.09,43.61,46.09,43.61
36464,46.08,43.85,46.08,43.85
36465,46.06,44.16,46.06,44.16
36466,45.97,44.48,45.97,44.48
36467,45.89,44.84,45.89,44.84
36468,45.9,45.19,45.9,45.19
36469,46.01,45.53,46.01,45.53
36470,46.1,45.87,46.1,45.87
36471,46.04,46.18,46.04,46.18
36472,45.95,46.47,45.95,46.47
36473,45.88,46.77,45.88,46.77
36475,45.75,47.11,45.75,47.11
36476,45.66,47.3,45.66,47.3
36478,45.67,47.71,45.67,47.71
36479,45.74,48,45.74,48
36480,45.78,48.38,45.78,48.38
36481,45.82,48.81,45.82,48.79
36482,45.81,49.29,45.81,49.2
36483,45.7,49.85,45.7,49.61
36484,45.66,50.3,45.66,50.02
36485,45.56,50.76,45.56,50.43
36486,45.41,51.08,45.41,50.84
36487,45.25,51.25,45.25,51.25
36488,45.09,51.47,45.09,51.47
36489,45.01,51.67,45.01,51.67
36492,45.04,52.1,45.04,52.1
36493,45.1,52.2,45.1,52.2
36522,45.19,52.26,45.19,54.2
36523,44.92,54.2,44.92,54.2
36525,44.48,54.11,44.48,54.11
36526,44.31,54.06,44.31,54.06
36530,43.86,53.83,43.86,53.83
36531,43.77,53.8,43.77,53.8
36534,43.77,53.8,43.3725,53.8
36535,43.24,53.5,43.24,53.5
36537,42.75,53.35,42.75,53.35
36538,42.41,53.29,42.41,53.29
36540,41.83,53.28,41.83,53.28
36541,41.55,53.38,41.55,53.38
36544,41.02,53.23,41.02,53.23
36545,40.83,53.19,40.83,53.19
36547,40.38,53.14,40.38,53.14
36548,40.13,53.13,40.13,53.13
36550,39.63,53.29,39.63,53.29
36551,39.54,53.23,39.54,53.23
36576,39.52,53.17,39.52,54.48961538
36577,39.03,54.54,39.03,54.54
36585,38.56,54.69,38.56,54.69
36586,38.27,54.85,38.27,54.85
36641,38.36,54.6,36.94410714,57.96339286
36642,36.92,58.02,36.92,58.02
36655,37.03,58.29,37.03,58.29
36656,37.24,58.62,37.24,58.62
36658,37.4,58.41,37.4,58.41
36673,40.07,57.49,40.07,57.49
36674,40.66,57.47,40.66,57.47
36696,41.01,57.72,36.99652174,59.58391304
36697,36.83,59.68,36.83,59.68
36698,36.33,59.51,36.33,59.51
36699,35.82,59.43,35.82,59.43
36700,35.32,59.45,35.32,59.45
36701,35.14,59.51,35.14,59.51
36703,34.83,59.7,34.83,59.7
36704,34.68,59.84,34.68,59.84
36706,34.3,59.92,34.3,59.92
36707,34.06,59.84,33.905,59.84
36708,33.51,59.8,33.51,59.8
36709,33.28,59.73,33.28,59.73
36710,32.81,59.66,32.81,59.66
36711,32.55,59.63,32.55,59.63
36712,32.1,59.56,32.05333333,59.56
36713,31.58,59.45,31.55666667,59.45
36714,31.06,59.43,31.06,59.43
36715,30.6,59.37,30.6,59.37
36716,30.17,59.26,30.17,59.26
36717,29.94,59.22,29.94,59.22
36719,29.63,59,30.908,59
36720,30.9,59.04,31.392,59.04
36721,31.52,58.98,31.876,58.98
36722,32.36,58.98,32.36,58.98
37800,37.54,56.21,36.87,55.19
37801,36.87,55.19,36.87,55.19
37803,36.67,55.53,36.67,55.53
37804,36.65,55.67,36.65,55.67
37807,36.55,56.11,36.55,56.11
37808,36.53,56.31,36.53,56.31
37810,36.31,56.68,36.31,56.68
37811,36.16,56.85,36.16,56.85
37813,35.8,57.16,35.8,57.16
37814,35.64,57.32,35.64,57.32
37816,35.42,57.69,35.42,57.69
37817,35.41,57.92,35.41,57.92
37818,35.24,58.14,35.24,58.14
37819,35.02,58.27,35.02,58.27
37821,34.66,58.55,34.66,58.55
37822,34.47,58.71,34.47,58.71
37824,33.99,58.96,33.99,58.96
37825,33.8,59.12,33.8,59.12
37826,33.58,59.31,33.58,59.31
37827,33.4,59.46,33.4,59.46
37830,33.1,59.83,33.1,59.83
37831,32.89,60.1,32.89,60.1
37832,32.71,60.4,32.71,60.4
37833,32.55,60.67,32.55,60.67
37834,32.34,60.89,32.34,60.89
37835,32.05,61.13,32.05,61.13
37836,31.85,61.37,31.85,61.37
37837,31.58,61.63,31.58,61.63
37838,31.35,61.84,31.35,61.84
37839,31.12,62.07,31.12,62.07
37840,30.86,62.26,30.86,62.26
37841,30.62,62.45,30.62,62.45
37843,30.34,62.78,30.34,62.78
37844,30.24,62.97,30.24,62.97
37845,30.03,63.17,30.03,63.17
37846,29.81,63.4,29.81,63.4
37847,29.76,63.66,29.76,63.66
37848,29.65,63.89,29.65,63.89
37850,29.44,64.26,29.44,64.26
37851,29.37,64.43,29.37,64.43
37853,29.29,64.73,29.29,64.73
37854,29.19,64.93,29.19,64.93
37855,29.11,65.15,29.11,65.15
37856,28.96,65.35,28.96,65.35
37857,28.77,65.56,28.77,65.56
37858,28.55,65.73,28.55,65.73
37859,28.29,65.94,28.29,65.94
37860,28.02,66.15,28.02,66.15
37861,27.82,66.37,27.82,66.37
37862,27.69,66.56,27.69,66.56
37863,27.55,66.75,27.55,66.75
37864,27.32,67.03,27.32,67.03
37865,27.07,67.28,27.07,67.28
37866,26.89,67.52,26.89,67.52
37867,26.72,67.84,26.72,67.84
37868,26.55,68.09,26.55,68.09
37869,26.39,68.34,26.39,68.34
37870,26.24,68.57,26.24,68.57
37871,26.1,68.79,26.1,68.79
37872,25.93,68.97,25.93,68.97
37873,25.81,69.24,25.81,69.24
37874,25.69,69.58,25.69,69.58
37875,25.5,69.9,25.5,69.9
37876,25.25,70.19,25.25,70.19
37877,25,70.44,25,70.44
37878,24.86,70.69,24.86,70.69
37880,24.75,71.09,24.75,71.09
37881,24.74,71.23,24.74,71.23
37884,24.71,71.51,24.71,71.51
37885,24.55,71.76,24.55,71.76
37887,24.22,72.1,24.22,72.1
37888,24.05,72.33,24.05,72.33
37889,23.92,72.57,23.92,72.57
37890,23.76,72.81,23.76,72.81
37892,23.45,73.13,23.45,73.13
37893,23.37,73.2,23.37,73.2
37941,23.24,73.21,23.24,73.21
38196,26.61,74.82,26.61,74.82
38238,26.61,74.82,24.53,73.19
38239,24.53,73.19,24.53,73.19
38247,25,73.12,25,73.12
38248,25.17,73.21,25.17,73.21
38250,25.52,73.33,25.52,73.33
38251,25.85,73.32,25.85,73.32
38259,25.85,73.32,25.85,72.16444444
38260,26.43,72.02,26.43,72.02
38262,26.57,71.68,26.57,71.68
38263,26.71,71.46,26.71,71.46
38265,26.99,71.26,26.99,71.26
38266,27.2,71.13,27.2,71.13
38267,27.39,70.92,27.39,70.92
38268,27.56,70.7,27.56,70.7
38269,27.77,70.51,27.77,70.51
38270,28.01,70.3,28.01,70.3
38271,28.26,70.06,28.26,70.06
38272,28.56,69.78,28.56,69.78
38273,28.84,69.49,28.84,69.49
38274,29.11,69.24,29.11,69.24
38275,29.3,69,29.3,69
38276,29.51,68.72,29.51,68.72
38277,29.75,68.53,29.75,68.53
38278,30.01,68.42,30.01,68.42
38279,30.24,68.28,30.24,68.28
38280,30.49,68.05,30.49,68.05
38281,30.75,67.82,30.75,67.82
38282,30.99,67.54,30.99,67.54
38283,31.28,67.27,31.28,67.27
38284,31.5,67.03,31.5,67.03
38286,31.82,66.76,31.82,66.76
38287,31.96,66.59,31.96,66.59
38289,32.18,66.23,32.18,66.23
38290,32.29,66.09,32.29,66.09
38293,32.41,65.95,32.41,65.625
38294,32.64,65.47,32.64,65.47
38295,32.73,65.23,32.73,65.23
38296,32.89,65.03,32.89,65.03
38297,33.21,64.69,33.21,64.69
38298,33.49,64.48,33.49,64.48
38299,33.82,64.33,33.82,64.33
38300,34.04,64.17,34.04,64.17
38301,34.29,63.97,34.29,63.97
38302,34.47,63.79,34.47,63.79
38304,34.75,63.41,34.75,63.41
38305,34.85,63.12,34.85,63.12
38306,35.07,62.77,35.07,62.77
38307,35.43,62.38,35.43,62.38
38308,35.66,62.06,35.66,62.06
38309,35.89,61.68,35.89,61.68
38310,36.08,61.32,36.08,61.32
38311,36.3,60.96,36.3,60.96
38312,36.48,60.64,36.48,60.64
38313,36.66,60.4,36.66,60.4
38314,36.87,60.14,36.87,60.14
38315,37.03,59.9,37.03,59.9
38317,37.03,59.45,37.03,59.45
38318,37.11,59.17,37.11,59.17
38319,37.17,58.88,37.17,58.88
38320,37.27,58.58,37.27,58.58
38321,37.32,58.31,37.32,58.31
38322,37.39,58.03,37.39,58.03
38323,37.42,57.73,37.42,57.73
38324,37.48,57.42,37.48,57.42
38325,37.54,57.18,37.54,57.18
38326,37.53,56.91,37.53,56.91
38328,37.5,56.49,37.5,56.49
38329,37.46,56.21,37.46,56.21
38330,37.57,55.95,37.57,55.95
38331,37.7,55.73,37.7,55.73
38336,37.8,55.54,37.8,54.57166667
38337,37.4,54.34,37.4,54.34
38338,37.07,54.21,37.07,54.21
38339,36.82,54.08,36.82,54.08
38340,36.53,53.96,36.53,53.96
38341,36.23,53.88,36.23,53.88
38343,35.71,53.69,35.71,53.69
38344,35.46,53.58,35.46,53.58
38346,34.95,53.35,34.95,53.35
38347,34.67,53.24,34.67,53.24
38348,34.25,53.2,34.25,53.2
38349,33.77,53.2,33.77,53.2
38350,33.29,53.21,33.29,53.21
38351,32.84,53.2,32.84,53.2
38352,32.38,53.18,32.38,53.18
38353,31.92,53.11,31.92,53.11
38354,31.46,53.07,31.46,53.07
38355,31.04,53.04,31.04,53.04
38356,30.57,53.04,30.57,53.04
38357,30.09,53.05,30.09,53.05
38358,29.63,53.01,29.59,53.01
38359,29.09,52.96,29.09,52.96
38360,28.59,52.89,28.59,52.89
38361,28.11,52.85,28.11,52.85
38362,27.63,52.86,27.63,52.86
38363,27.23,52.85,27.23,52.85
38364,26.81,52.81,26.81,52.81
38365,26.43,52.77,26.43,52.77
38366,26.07,52.71,26.07,52.71
38367,25.7,52.62,25.7,52.62
38368,25.32,52.55,25.32,52.55
38369,25,52.51,25,52.51
38370,24.66,52.49,24.66,52.49
38371,24.24,52.52,24.24,52.52
38373,23.75,52.38,23.75,52.38
38374,23.55,52.3,23.55,52.3
38375,23.23,52.34,23.23,52.34
38376,22.84,52.43,22.84,52.43
38378,22.37,52.38,22.37,52.38
38379,22.01,52.31,22.01,52.31
38380,21.51,52.3,21.51,52.3
38381,21.01,52.2,21.01,52.2
38382,20.56,52.09,20.56,52.09
38383,20.11,51.97,20.07,51.97
38384,19.65,51.91,19.58,51.91
38385,19.17,51.88,19.09,51.88
38386,18.62,51.87,18.6,51.87
38387,18.11,51.86,18.11,51.86
38388,17.65,51.83,17.65,51.83
38389,17.18,51.8,17.18,51.8
38390,16.7,51.78,16.7,51.78
38391,16.21,51.76,16.21,51.76
38392,15.73,51.68,15.73,51.68
38393,15.26,51.56,15.26,51.56
38394,14.82,51.47,14.82,51.47
38395,14.39,51.43,14.39,51.43
38396,13.95,51.4,13.95,51.4
38397,13.53,51.38,13.53,51.38
38399,12.95,51.36,12.95,51.36
38400,12.67,51.32,12.67,51.32
38402,12.12,51.41,12.12,51.41
38403,11.75,51.46,11.75,51.46
38404,11.42,51.49,11.42,51.49
38405,11.08,51.58,11.08,51.58
38406,10.77,51.62,10.77,51.62
38407,10.41,51.6,10.41,51.6
38409,9.95,51.41,9.95,51.41
38410,9.73,51.31,9.73,51.31
38412,9.23,51.14,9.23,51.14
38413,8.89,51.11,8.89,51.11
38414,8.5,51.09,8.5,51.09
38415,8.1,51.09,8.1,51.09
38416,7.64,51.08,7.64,51.08
38417,7.14,51.05,7.14,51.05
38418,6.67,51.08,6.67,51.08
38419,6.27,51.06,6.27,51.06
38420,5.84,51.07,5.84,51.07
38421,5.44,51.07,5.44,51.07
38423,4.9,51.04,4.9,51.04
38424,4.57,51,4.57,51
38426,4.28,50.75,4.28,50.75
38427,4.15,50.66,4.15,50.66
38429,3.63,50.57,3.63,50.57
38430,3.23,50.51,3.23,50.51
38431,2.83,50.48,2.83,50.48
38432,2.49,50.46,2.49,50.46
38434,1.97,50.52,1.97,50.52
38435,1.64,50.58,1.64,50.58
38436,1.32,50.57,1.32,50.57
38437,1.04,50.55,1.04,50.55
38440,0.64,50.34,0.64,50.34
38441,0.54,50.19,0.54,50.19
38443,0.35,49.79,0.35,49.79
38444,0.43,49.7,0.43,49.7
38446,0.12,49.36,0.12,49.36
38447,0.05,49.08,0.05,49.08
38448,0,48.83,0,48.83
38449,0.02,48.58,0.02,48.58
38450,0.16,48.31,0.16,48.31
38451,0.41,48,0.41,48
38452,0.6,47.73,0.6,47.73
38453,0.6,47.51,0.6,47.51
38454,0.58,47.25,0.58,47.25
38455,0.54,46.97,0.54,46.97
38456,0.56,46.67,0.56,46.67
38457,0.63,46.34,0.63,46.34
38458,0.72,46.07,0.72,46.07
38459,0.82,45.88,0.82,45.88
38465,0.82,45.7,0.82,45.7
38466,0.83,45.36,0.83,45.36
38467,0.79,45.07,0.79,45.07
38468,0.69,44.81,0.69,44.81
38469,0.71,44.55,0.71,44.55
38470,0.79,44.33,0.79,44.33
38472,0.79,43.93,0.79,43.93
38473,0.75,43.72,0.75,43.72
38474,0.66,43.44,0.66,43.44
38475,0.64,43.15,0.64,43.15
38476,0.63,42.9,0.63,42.9
38477,0.69,42.54,0.69,42.47307692
38478,0.78,42.17,0.78,42.04615385
38479,0.83,41.73,0.83,41.61923077
38480,0.86,41.35,0.86,41.19230769
38481,0.9,40.92,0.9,40.76538462
38482,1.11,40.5,1.11,40.33846154
38483,1.22,40.03,1.22,39.91153846
38484,1.29,39.56,1.29,39.48461538
38485,1.26,39.1,1.26,39.05769231
38486,1.32,38.6,1.32,38.63076923
38487,1.47,38.17,1.47,38.20384615
38488,1.61,37.73,1.61,37.77692308
38489,1.69,37.35,1.69,37.35
38490,1.78,37.06,1.78,37.06
38491,1.93,36.72,1.93,36.72
38492,2.05,36.4,2.05,36.4
38493,2.16,36.07,2.16,36.07
38494,2.31,35.67,2.31,35.67
38495,2.61,35.4,2.61,35.4
38496,2.98,35.26,2.98,35.26
38497,3.36,35.2,3.36,35.2
38498,3.62,35.08,3.62,35.08
38500,4.03,35.11,4.03,35.11
38501,4.37,35.2,4.37,35.2
38502,4.79,35.38,4.79,35.38
38503,5.17,35.59,5.17,35.59
38504,5.44,35.7,5.44,35.7
38505,5.82,35.76,5.9,35.76
38506,6.36,35.75,6.36,35.75
38507,6.63,35.73,6.63,35.73
38508,6.97,35.62,6.97,35.62
38509,7.34,35.43,7.34,35.43
38510,7.67,35.28,7.67,35.28
38511,8.04,35.19,8.04,35.19
38512,8.43,35.16,8.43,35.16
38513,8.81,35.12,8.81,35.12
38514,9.19,35.16,9.19,35.16
38515,9.54,35.22,9.54,35.22
38516,9.95,35.41,9.95,35.41
38517,10.4,35.63,10.4,35.63
38518,10.73,35.72,10.73,35.72
38519,11.11,35.82,11.11,35.82
38521,11.58,36.07,11.58,36.07
38522,11.74,36.3,11.74,36.3
38523,11.9,36.56,11.9,36.56
38524,11.89,36.99,11.89,36.99
38525,11.81,37.37,11.81,37.37
38526,11.77,37.57,11.77,37.57
38527,11.81,37.87,11.81,37.87
38528,11.91,38.13,11.91,38.13
38529,11.91,38.45,11.91,38.45
38530,11.91,38.7,11.91,38.7
38531,11.9,38.95,11.9,38.95
38532,11.92,39.18,11.92,39.18
38534,12.01,39.56,12.01,39.56
38535,11.92,39.65,11.92,39.65
38545,11.96,39.66,12.56545455,39.66
38546,12.63,39.68,12.63,39.68
38547,12.46,39.87,12.46,39.87
38548,12.13,40,12.13,40
38563,11.83,39.98,11.83,39.98
38601,10.21,40.1,10.21,40.1
38604,10.77,40.17,11.465,40.17
38605,12.18,40.29,11.88333333,40.29
38607,12.72,40.41,12.72,40.41
38608,12.77,40.38,12.77,40.38
38621,12.77,40.38,12.77,39.34928571
38622,13.29,39.27,13.29,39.27
38624,13.33,38.86,13.33,38.86
38625,13.24,38.63,13.24,38.63
38626,13.21,38.39,13.21,38.39
38627,13.13,38.18,13.13,38.18
38628,13.16,37.89,13.16,37.89
38629,13.18,37.57,13.18,37.57
38631,13.24,37.04,13.24,37.04
38632,13.33,36.73,13.33,36.73
38633,13.25,36.47,13.25,36.47
38634,13.18,36.18,13.18,36.18
38635,13.17,35.88,13.17,35.88
38636,13.01,35.59,13.01,35.59
38637,12.73,35.29,12.73,35.29
38638,12.54,34.93,12.54,34.88
38639,12.29,34.5,12.29,34.47
38640,12.09,34.06,12.09,34.06
38641,11.92,33.69,11.92,33.69
38642,11.74,33.42,11.74,33.42
38643,11.68,33.16,11.68,33.16
38645,11.71,32.69,11.71,32.69
38647,11.8,32.31,11.8,32.31
38648,11.9,32.16,11.9,32.16
38650,11.88,31.8,11.88,31.8
38651,11.84,31.54,11.84,31.54
38652,11.82,31.32,11.82,31.32
38653,11.94,31.09,11.94,31.09
38654,11.84,30.86,11.84,30.86
38655,11.67,30.59,11.67,30.59
38657,11.63,30.14,11.63,30.14
38658,11.8,29.91,11.8,29.91
38659,11.99,29.63,11.99,29.63
38660,12.04,29.36,12.04,29.36
38661,12.13,29.08,12.13,29.08
38662,12.14,28.86,12.14,28.86
38664,12.25,28.54,12.25,28.54
38665,12.31,28.27,12.31,28.27
38666,12.35,28.03,12.35,28.03
38667,12.26,27.75,12.26,27.75
38668,12.24,27.39,12.24,27.39
38669,12.25,27.06,12.25,27.06
38670,12.2,26.73,12.2,26.73
38671,12.22,26.53,12.22,26.53
38673,12.48,26.26,12.48,26.26
38674,12.74,26.11,12.74,26.11
38675,12.99,25.88,12.99,25.88
38676,13.1,25.65,13.1,25.65
38677,13.22,25.39,13.22,25.39
38678,13.48,25.15,13.48,25.15
38679,13.59,24.92,13.59,24.92
38680,13.68,24.68,13.68,24.68
38681,13.72,24.42,13.72,24.42
38682,13.73,24.17,13.73,24.17
38683,13.64,23.94,13.64,23.94
38684,13.54,23.69,13.54,23.69
38685,13.46,23.4,13.46,23.4
38686,13.4,23.09,13.4,23.09
38687,13.39,22.83,13.39,22.83
38688,13.39,22.54,13.39,22.54
38689,13.39,22.24,13.39,22.15
38690,13.39,21.76,13.39,21.76
38691,13.5,21.42,13.5,21.42
38692,13.6,21.11,13.6,21.11
38693,13.72,20.75,13.72,20.75
38694,13.85,20.49,13.85,20.49
38695,14.01,20.14,14.01,20.14
38696,14.13,19.76,14.13,19.76
38697,14.21,19.41,14.21,19.41
38698,14.26,19.1,14.26,19.1
38699,14.17,18.76,14.17,18.76
38700,14.09,18.41,14.09,18.41
38701,14.09,18.06,14.09,18.06
38702,13.97,17.76,13.97,17.76
38703,13.88,17.51,13.88,17.51
38704,13.84,17.17,13.84,17.17
38706,13.94,16.81,13.94,16.422
38707,13.92,16.39,13.92,16.048
38708,13.97,15.86,13.97,15.674
38709,14.03,15.3,14.03,15.3
38710,14.18,14.97,14.18,14.97
38711,14.3,14.64,14.3,14.64
38712,14.43,14.31,14.43,14.31
38713,14.57,14.06,14.57,14.06
38715,14.79,13.64,14.79,13.64
38716,14.98,13.42,14.98,13.42
38717,15.25,13.2,15.25,13.2
38718,15.35,12.97,15.35,12.97
38720,15.81,12.77,15.81,12.77
38721,16.2,12.7,16.2,12.7
38722,16.42,12.48,16.42,12.31333333
38723,16.63,12.27,16.63,11.92666667
38724,16.75,11.9,16.75,11.54
38725,16.79,11.41,16.79,11.15333333
38726,16.78,10.88,16.78,10.76666667
38727,16.77,10.38,16.77,10.38
38728,16.79,9.98,16.79,9.98
38729,16.77,9.65,16.77,9.65
38730,16.73,9.36,16.73,9.36
38731,16.77,9.01,16.77,9.01
38732,16.77,8.65,16.77,8.65
38733,16.7,8.35,16.7,8.35
38734,16.56,8.12,16.56,8.12
38735,16.45,7.86,16.45,7.86
38736,16.41,7.51,16.41,7.51
38737,16.43,7.12,16.43,7.08
38738,16.46,6.77,16.46,6.65
38739,16.57,6.4,16.57,6.22
38740,16.66,5.97,16.66,5.79
38741,16.64,5.53,16.64,5.36
38742,16.61,4.95,16.61,4.93
38743,16.63,4.39,16.63,4.5
38744,16.68,3.99,16.68,4.07
38745,16.75,3.64,16.75,3.64
38746,16.81,3.33,16.81,3.265
38747,16.87,2.89,16.87,2.89
38748,16.88,2.56,16.88,2.56
38749,16.94,2.32,16.94,2.32
38750,16.99,2,16.99,2
38751,16.93,1.77,16.93,1.77
38753,17.06,1.36,17.06,1.36
38754,17.18,1.16,17.18,1.16
38755,17.43,1.01,17.43,1.01
38756,17.68,0.88,17.68,0.88
38757,17.97,0.79,17.97,0.79
38758,18.26,0.79,18.26,0.79
38760,18.82,0.87,18.82,0.87
38761,19.12,0.89,19.12,0.89
38762,19.47,0.92,19.47,0.92
38763,19.79,0.97,19.79,0.97
38764,20.09,1.03,20.09,1.03
38765,20.45,1.09,20.45,1.09
38766,20.83,1.13,20.83,1.13
38767,21.16,1.11,21.16,1.11
38768,21.52,1.07,21.52,1.07
38769,21.89,1.03,21.89,1.03
38770,22.32,1.07,22.32,1.07
38771,22.72,1.03,22.72,1.03
38772,23.01,1.03,23.01,1.03
38773,23.46,1.03,23.46,1.03
38774,23.8,1.09,23.8,1.09
38775,24.12,1.19,24.12,1.19
38776,24.48,1.25,24.48,1.25
38777,24.82,1.28,24.82,1.28
38778,25.21,1.37,25.21,1.37
38779,25.56,1.43,25.56,1.43
38781,26.04,1.31,26.04,1.31
38782,26.34,1.27,26.34,1.27
38783,26.69,1.32,26.69,1.32
38784,27.11,1.32,27.11,1.32
38785,27.55,1.33,27.60166667,1.33
38786,28.01,1.33,28.09333333,1.33
38787,28.56,1.49,28.585,1.49
38788,29.06,1.55,29.07666667,1.55
38789,29.54,1.65,29.56833333,1.65
38790,29.98,1.8,30.06,1.8
38791,30.56,1.77,30.55166667,1.77
38792,31.15,1.74,31.04333333,1.74
38793,31.7,1.74,31.535,1.74
38794,32.2,1.79,32.02666667,1.79
38795,32.65,1.86,32.51833333,1.86
38796,33.01,1.78,33.01,1.78
38797,33.31,1.69,33.31,1.69
38798,33.68,1.75,33.68,1.75
38799,34.14,1.8,34.14,1.8
38800,34.56,1.86,34.56,1.86
38801,34.96,1.84,34.96,1.84
38802,35.36,1.86,35.36,1.86
38803,35.76,1.93,35.76,1.93
38804,36.15,1.98,36.15,1.98
38805,36.54,2.01,36.54,2.01
38806,36.9,1.97,36.9,1.97
38807,37.22,1.94,37.22,1.94
38808,37.61,1.9,37.61,1.9
38809,37.99,1.93,37.99,1.93
38810,38.35,2.02,38.35,2.02
38811,38.72,2.17,38.72,2.17
38812,39.01,2.35,39.01,2.35
38813,39.26,2.49,39.26,2.49
38814,39.63,2.54,39.63,2.54
38815,40.02,2.58,40.02,2.58
38816,40.42,2.62,40.42,2.62
38817,40.85,2.59,40.85,2.59
38818,41.25,2.55,41.25,2.55
38819,41.68,2.57,41.68,2.57
38820,42.14,2.55,42.14,2.55
38821,42.6,2.55,42.6,2.55
38822,43.09,2.59,43.09,2.59
38823,43.49,2.62,43.49,2.62
38824,43.78,2.71,43.78,2.71
38825,44,2.8,44,2.8
38826,44.3,2.92,44.3,2.92
38827,44.72,3,44.72,3
38828,45.19,3.05,45.19,3.05
38829,45.61,3.11,45.61,3.11
38830,46.02,3.09,46.02,3.09
38831,46.39,3.09,46.39,3.09
38832,46.74,3.16,46.74,3.16
38833,47.1,3.21,47.1,3.21
38834,47.55,3.28,47.55,3.28
38835,48.04,3.23,48.04,3.23
38836,48.52,3.23,48.52,3.23
38837,48.98,3.24,49.00583333,3.24
38838,49.39,3.27,49.49166667,3.27
38839,49.83,3.18,49.9775,3.18
38840,50.3,3.13,50.46333333,3.13
38841,50.8,3.12,50.94916667,3.12
38842,51.34,3.06,51.435,3.06
38843,51.88,2.97,51.92083333,2.97
38844,52.38,2.88,52.40666667,2.88
38845,52.9,2.78,52.8925,2.78
38846,53.39,2.66,53.37833333,2.66
38847,53.83,2.6,53.86416667,2.6
38848,54.35,2.61,54.35,2.61
38849,54.79,2.7,54.79,2.7
38850,55.22,2.81,55.22,2.81
38851,55.71,2.89,55.72,2.89
38852,56.19,2.92,56.22,2.92
38853,56.72,3.08,56.72,3.08
38854,57.11,3.21,57.11,3.21
38855,57.45,3.33,57.45,3.33
38856,57.82,3.39,57.82,3.39
38857,58.21,3.5,58.21,3.5
38858,58.59,3.52,58.69,3.52
38859,59.17,3.59,59.17,3.59
38860,59.66,3.59,59.66,3.59
38861,60.13,3.62,60.13,3.62
38862,60.63,3.64,60.63,3.64
38863,61,3.66,61,3.66
38864,61.42,3.75,61.49,3.75
38865,61.88,3.84,61.98,3.84
38866,62.37,3.94,62.47,3.94
38867,62.88,3.99,62.96,3.99
38868,63.39,4.04,63.45,4.04
38869,63.94,4.03,63.94,4.03
38870,64.41,4.01,64.41,4.01
38871,64.84,3.91,64.84,3.91
38872,65.29,3.99,65.29,3.99
38873,65.61,4,65.61,4
38874,65.96,3.98,65.96,3.98
38875,66.3,3.98,66.3,3.98
38876,66.67,4.04,66.67,4.04
38877,67.06,4.08,67.06,4.08
38878,67.46,4.12,67.46,4.12
38879,67.75,4.16,67.75,4.16
38880,68.12,4.22,68.12,4.22
38881,68.47,4.3,68.47,4.3
38882,68.85,4.37,68.85,4.37
38883,69.23,4.42,69.23,4.42
38884,69.63,4.46,69.69833333,4.46
38891,73.84,3.4,72.97666667,3.4
38893,73.79,3.31,73.91333333,3.31
38894,74.48,3.41,74.38166667,3.41
38895,74.85,3.92,74.85,3.92
38896,75.14,4.03,75.14,4.03
38897,75.43,4.07,75.43,4.07
38898,75.76,4.1,75.76,4.1
38899,76.04,4.1,76.04,4.1
38900,76.37,4.17,76.37,4.17
38901,76.73,4.16,76.73,4.16
38902,77.12,4.17,77.12,4.17
38903,77.52,4.2,77.52,4.2
38904,77.89,4.22,77.89,4.22
38905,78.25,4.24,78.25,4.24
38906,78.61,4.33,78.61,4.33
38907,78.96,4.39,78.96,4.39
38908,79.39,4.41,79.39,4.41
38909,79.78,4.35,79.78,4.35
38910,80.13,4.32,80.13,4.32
38911,80.51,4.3,80.51,4.3
38912,80.87,4.4,80.87,4.4
38913,81.2,4.45,81.3375,4.45
38914,81.66,4.53,81.805,4.53
38915,82.22,4.5,82.2725,4.5
38916,82.74,4.46,82.74,4.46
38917,83.23,4.5,83.23,4.5
38918,83.62,4.46,83.62,4.46
38919,83.98,4.4,83.98,4.4
38920,84.38,4.34,84.38,4.34
38921,84.79,4.34,84.79,4.34
38922,85.21,4.31,85.21,4.31
38923,85.58,4.3,85.58,4.3
38924,85.96,4.3,85.96,4.3
38925,86.36,4.31,86.36,4.31
38926,86.71,4.35,86.71,4.35
38927,87.01,4.36,87.01,4.36
38928,87.38,4.37,87.38,4.37
38929,87.72,4.36,87.805,4.36
38930,88.23,4.32,88.23,4.32
38931,88.71,4.32,88.71,4.32
38932,89.18,4.34,89.18,4.34
38933,89.61,4.33,89.61,4.33
38934,89.94,4.36,89.94,4.36
38935,90.26,4.4,90.26,4.4
38936,90.61,4.43,90.61,4.43
38937,90.93,4.51,90.93,4.51
38938,91.23,4.59,91.23,4.59
38939,91.56,4.66,91.56,4.66
38940,91.87,4.77,91.87,4.77
38941,92.14,4.84,92.14,4.84
38942,92.47,4.85,92.47,4.85
38943,92.83,4.85,92.83,4.85
38944,93.19,4.86,93.19,4.86
38945,93.56,4.87,93.56,4.87
38946,93.92,4.85,93.92,4.85
38947,94.29,4.8,94.29,4.8
38948,94.66,4.78,94.66,4.78
38949,95.02,4.83,95.02,4.83
38950,95.43,4.9,95.43,4.9
38951,95.84,4.96,95.84,4.96
38952,96.26,5.08,96.26,5.08
38953,96.62,5.29,96.62,5.29
38954,96.96,5.53,96.96,5.53
38955,97.38,5.72,97.38,5.72
38956,97.79,5.89,97.79,5.89
38957,98.21,6.02,98.21,6.02
38958,98.6,6.15,98.6,6.15
38959,99.04,6.26,99.04,6.26
38960,99.48,6.31,99.48,6.31
38961,99.92,6.32,99.92,6.32
38962,100.34,6.35,100.34,6.35
38963,100.74,6.38,100.74,6.38
38964,101.11,6.41,101.11,6.41
38965,101.49,6.42,101.49,6.42
38966,101.83,6.42,101.83,6.42
38967,102.11,6.44,102.11,6.44
38969,102.56,6.41,102.56,6.41
38970,102.75,6.39,102.75,6.39
38972,103.13,6.45,103.13,6.45
38973,103.52,6.6,103.52,6.6
38975,104.03,6.6,104.03,6.6
38976,104.22,6.62,104.22,6.62
38978,104.7,6.6,104.7,6.6
38979,104.93,6.62,104.93,6.62
38980,105.2,6.62,105.2,6.62
38981,105.54,6.51,105.54,6.51
38983,106.11,6.43,106.11,6.43
38984,106.43,6.35,106.43,6.35
38985,106.74,6.26,106.74,6.26
38986,107.1,6.13,107.1,6.13
38987,107.45,6.11,107.45,6.11
38988,107.79,6.08,107.79,6.08
38989,108.11,6.07,108.11,6.07
38990,108.38,6.08,108.38,6.08
38991,108.66,6.07,108.66,6.07
38992,108.96,6.01,108.96,6.01
38993,109.27,5.92,109.27,5.92
38994,109.55,5.91,109.55,5.91
38995,109.85,5.87,109.85,5.87
38996,110.15,5.85,110.15,5.85
38997,110.45,5.83,110.45,5.83
38998,110.8,5.8,110.8,5.8
38999,111.16,5.77,111.16,5.77
39000,111.47,5.75,111.47,5.75
39001,111.88,5.74,111.88,5.74
39002,112.22,5.75,112.22,5.75
39003,112.59,5.75,112.59,5.75
39004,112.91,5.86,112.91,5.411764706
39015,114.43,0.66,114.43,1.691176471
39019,114.43,0.66,114.43,0.338235294
39020,114.13,0,114.13,0
39023,113.85,0.26,113.85,0.26
39024,113.74,0.37,113.74,0.37
39026,113.56,0.54,113.56,0.54
39027,113.61,0.83,113.61,0.97
39028,113.72,1.4,113.72,1.4
39039,114.2,1.47,114.2,1.47
39040,114.3,1.48,114.3,1.48
39042,114.51,1.59,114.51,1.59
39043,114.59,1.97,114.59,1.97
39046,114.76,2.33,114.76,2.33
39047,114.87,2.4,114.87,2.4
39052,115.28,2.54,115.28,2.54
39054,115.29,2.84,115.29,2.84
39062,115.71,2.57,115.71,2.57
39063,115.85,2.5,115.85,2.5
39068,116.3,2.35,116.3,2.35
39069,116.43,2.32,116.43,2.32
39076,116.48,2.21,116.48,2.21
41182,114.85,1.66,114.85,1.66
41183,113.64,2.11,114.5114286,1.825714286
41184,112.7,2.52,114.1728571,1.991428571
41185,112.07,2.76,113.8342857,2.157142857
41189,112.48,2.82,112.48,2.82
41190,112.76,2.65,112.76,2.65
41191,113.1,2.44,113.1,2.44
41192,113.39,2.3,113.39,2.3
41193,113.81,2.11,113.81,2.11
41194,114.29,1.86,114.29,1.86
41196,114.64,1.62,114.64,1.62
41197,114.89,1.62,114.89,1.62
53391,36.61,128.47,36.61,128.47
53392,37.04,128.53,36.69909091,128.8863636
53393,37.95,128.47,36.78818182,129.3027273
53394,38.53,128.85,36.87727273,129.7190909
53395,38.74,129.26,36.96636364,130.1354545
53396,38.69,129.79,37.05545455,130.5518182
53397,38.7,130.24,37.14454545,130.9681818
53398,38.44,130.86,37.23363636,131.3845455
53399,38.1,131.34,37.32272727,131.8009091
53400,37.8,132.05,37.41181818,132.2172727
53401,37.71,132.55,37.50090909,132.6336364
53402,37.59,133.05,37.59,133.05
53403,37.56,133.4,37.56,133.4
53404,37.49,133.72,37.49,133.72
53406,37.34,134.12,37.34,134.12
53407,37.09,134.2,37.09,134.2
53408,36.82,134.52,36.82,134.52
53409,36.68,134.82,36.68,134.82
53410,36.69,135.16,36.69,135.16
53411,36.88,135.42,37.045,135.4833333
53412,37.42,135.65,37.4,135.8066667
53413,38.2,135.94,37.755,136.13
53414,38.66,136.15,38.11,136.4533333
53415,38.57,136.65,38.465,136.7766667
53416,38.82,137.1,38.82,137.1
53418,38.93,137.48,38.93,137.48
53419,38.68,137.61,38.68,137.61
53421,38.28,137.93,38.28,137.93
53422,38.16,138.19,38.16,138.3583333
53423,38.05,138.53,38.05,138.7866667
53424,37.88,139.06,37.88,139.215
53425,37.79,139.77,37.79,139.6433333
53426,37.84,140.16,37.84,140.0716667
53427,37.81,140.5,37.81,140.5
53430,37.43,140.61,37.43,140.61
53431,37.25,140.76,37.25,140.76
53432,37.06,140.98,37.06,141.115
53433,36.71,141.47,36.71,141.47
53434,36.4,141.85,36.4,141.85
53435,36.25,142.12,36.25,142.12
53436,36.09,142.35,36.09,142.35
53437,35.99,142.73,35.99,142.73
53438,35.91,143.02,35.91,143.02
53439,35.62,143.31,35.62,143.31
53440,35.39,143.51,35.39,143.51
53441,35.36,143.76,35.36,143.76
53442,35.3,144.04,35.3,144.04
53443,35.1,144.39,35.1,144.39
53444,34.96,144.61,34.96,144.61
53445,34.89,144.87,34.89,144.87
53447,34.89,145.23,34.89,145.23
53448,35.03,145.48,35.03,145.48
53449,35.04,145.79,35.04,145.79
53450,35.1,146.2,35.1,146.2
53451,35.23,146.61,35.23,146.61
53452,35.26,146.94,35.26,146.995
53453,35.31,147.38,35.31,147.38
53454,35.33,147.81,35.33,147.81
53455,35.36,148.23,35.36,148.23
53456,35.33,148.65,35.33,148.65
53457,35.22,149.07,35.22,149.07
53458,35.18,149.43,35.18,149.43
53459,35.02,149.82,35.02,149.86
53460,34.71,150.29,34.71,150.29
53461,34.55,150.59,34.55,150.59
53462,34.44,150.85,34.44,150.85
53463,34.4,151.06,34.4,151.06
53464,34.33,151.32,34.33,151.32
53465,34.16,151.73,34.16,151.73
53466,33.88,152.09,33.88,152.145
53467,33.59,152.56,33.59,152.56
53468,33.37,152.97,33.37,152.97
53469,33.18,153.3,33.18,153.3
53470,32.9,153.59,32.9,153.59
53471,32.51,153.86,32.51,153.86
53472,32.11,154.06,32.11,154.06
53473,31.96,154.25,31.96,154.25
53475,32,154.5,32,154.5
53476,31.92,154.86,31.92,154.86
53478,32.28,155.15,32.28,155.15
53479,32.49,155.26,32.49,155.26
53481,32.95,155.46,32.95,155.46
53482,32.96,155.79,32.96,155.79
53483,32.93,156.11,32.93,156.11
53484,32.77,156.53,32.77,156.53
53485,32.76,156.86,32.76,156.86
53486,32.65,157.24,32.65,157.24
53487,32.74,157.54,32.74,157.54
53488,32.66,157.96,32.66,157.96
53489,32.56,158.3,32.56,158.3
53490,32.59,158.48,32.59,158.48
53491,32.53,158.67,32.53,158.67
53492,32.42,158.99,32.42,158.99
53493,32.36,159.26,32.36,159.26
53494,32.28,159.53,32.28,159.53
53495,32.32,159.82,32.32,159.82
53496,32.39,159.97,32.39,159.97
53497,32.48,160.18,32.48,160.18
53498,32.68,160.46,32.68,160.46
53499,32.74,160.7,32.74,160.885
53500,32.65,161.14,32.65,161.31
53501,32.5,161.71,32.5,161.735
53502,32.58,162.16,32.58,162.16
53503,32.59,162.53,32.59,162.53
53504,32.6,162.87,32.6,162.87
53505,32.54,163.25,32.54,163.25
53506,32.4,163.49,32.4,163.49
53508,32.03,163.65,32.03,163.65
53509,31.75,163.64,31.75,163.64
53511,31.43,163.87,31.43,163.87
53512,31.47,164.15,31.47,164.15
53513,31.41,164.45,31.41,164.45
53514,31.36,164.77,31.36,164.77
53515,31.38,165,31.38,165
53516,31.59,165.39,31.59,165.39
53517,31.85,165.77,31.85,165.81
53518,32.07,166.25,32.07,166.23
53519,32.19,166.71,32.19,166.65
53520,32.36,167.07,32.36,167.07
53521,32.56,167.43,32.56,167.43
53522,32.82,167.74,32.82,167.74
53523,33.08,168.11,33.08,168.11
53524,33.3,168.43,33.3,168.43
53525,33.54,168.87,33.54,168.86
53526,33.76,169.29,33.76,169.29
53527,34,169.6,34,169.6
53528,34.21,169.94,34.21,169.94
53529,34.35,170.29,34.35,170.29
53530,34.49,170.57,34.49,170.57
53531,34.63,170.92,34.63,170.92
53532,34.73,171.36,34.73,171.345
53533,34.86,171.77,34.86,171.77
53534,35.01,172.08,35.01,172.08
53535,35.06,172.44,35.06,172.44
53536,35.06,172.76,35.06,172.76
53537,34.99,173.02,34.99,173.02
53538,34.81,173.27,34.81,173.27
53539,34.6,173.56,34.6,173.56
53540,34.28,173.87,34.28,173.87
53541,33.94,174.16,33.94,174.16
53542,33.69,174.54,33.69,174.54
53543,33.4,174.75,33.4,174.75
53544,33.13,175.07,33.13,175.07
53546,32.67,175.18,32.67,175.18
53547,32.47,175.09,32.47,175.09
53549,31.95,175.26,31.95,175.26
53550,31.75,175.39,31.75,175.39
53551,31.55,175.59,31.55,175.59
53552,31.37,175.78,31.37,175.78
53553,31.33,176.09,31.33,176.09
53554,31.29,176.5,31.29,176.5
53555,31.21,176.78,31.21,176.78
53556,31.06,177.07,31.06,177.07
53557,31.01,177.4,31.01,177.4
53558,31.01,177.74,31.01,177.74
53559,31.05,178.08,31.05,178.158
53560,31.03,178.57,31.03,178.576
53561,31,178.96,31,178.994
53562,31.12,179.47,31.12,179.412
53563,31.22,179.83,31.22,179.83
53564,31.24,180.16,31.24,180.16
53565,31.07,180.57,31.07,180.57
53566,30.96,180.97,30.96,180.97
53567,30.87,181.24,30.87,181.24
53568,30.7,181.53,30.7,181.53
53570,30.4,181.9,30.4,181.9
53571,30.11,182,29.945,182
53572,29.49,182.34,29.49,182.34
53573,29.2,182.48,29.2,182.48
53574,28.93,182.76,28.93,182.76
53576,28.52,183.04,28.52,183.04
53577,28.24,183.14,28.24,183.14
53578,27.94,183.17,27.94,183.17
53579,27.6,183.27,27.6,183.27
53580,27.27,183.31,27.27,183.31
53581,26.95,183.37,26.95,183.37
53582,26.65,183.51,26.65,183.51
53583,26.25,183.67,26.25,183.67
53584,25.84,183.71,25.84,183.71
53585,25.36,183.86,25.346,183.86
53586,24.85,184.12,24.852,184.12
53587,24.32,184.33,24.358,184.33
53588,23.79,184.35,23.864,184.35
53589,23.37,184.26,23.37,184.26
53590,22.91,184.21,22.91,184.21
53591,22.42,184.24,22.42545455,184.24
53592,21.86,184.3,21.94090909,184.3
53593,21.33,184.39,21.45636364,184.39
53594,20.82,184.54,20.97181818,184.54
53595,20.35,184.54,20.48727273,184.54
53596,19.86,184.56,20.00272727,184.56
53597,19.43,184.49,19.51818182,184.49
53598,19.16,184.3,19.03363636,184.3
53599,18.61,184.34,18.54909091,184.34
53600,18.11,184.56,18.06454545,184.56
53601,17.58,184.62,17.58,184.62
53602,17.11,184.56,17.11,184.56
53603,16.68,184.55,16.68,184.55
53604,16.26,184.48,16.26,184.48
53605,15.9,184.3,15.9,184.3
53606,15.49,184.24,15.49,184.24
53607,15.08,184.18,15.08,184.18
53608,14.73,184.09,14.62,184.09
53609,14.16,184.04,14.16,184.04
53610,13.8,183.84,13.72,183.84
53611,13.28,183.76,13.28,183.76
53612,12.84,183.69,12.805,183.69
53613,12.33,183.71,12.33,183.71
53614,11.93,183.83,11.83,183.83
53615,11.3,183.9,11.33,183.9
53616,10.83,183.86,10.83,183.86
53617,10.5,183.88,10.5,183.88
53618,10.18,183.93,10.18,183.93
53619,9.9,184.03,9.9,184.03
53621,9.42,183.86,9.42,183.86
53622,9.3,183.62,9.3,183.62
53623,9.1,183.41,9.1,183.41
53624,8.84,183.26,8.84,183.26
53626,8.52,183.32,8.52,183.32
53627,8.38,183.65,8.38,183.735
53628,8.22,184.15,8.22,184.15
53629,8.1,184.45,8.1,184.45
53630,7.8,184.67,7.8,184.67
53631,7.64,184.83,7.64,184.83
53632,7.38,185.06,7.38,185.06
53633,7,184.97,7,184.97
53634,6.64,185.09,6.64,185.09
53638,6.49,184.82,6.49,184.82
53639,6.52,184.59,6.52,184.59
53640,6.57,184.3,6.57,184.3
53641,6.62,184.03,6.62,184.03
53642,6.75,183.72,6.75,183.72
53643,6.72,183.5,6.72,183.5
53660,6.51,183.22,6.51,183.22
53661,6.41,183.09,6.41,183.09
53679,6.47,183.23,6.47,183.23
53680,6.62,183.66,6.62,183.66
53681,6.63,183.95,6.63,184.0785714
53682,6.22,185.14,6.22,184.4971429
53683,6.06,185.53,6.06,184.9157143
53684,5.87,185.79,5.87,185.3342857
53685,5.67,186.28,5.67,185.7528571
53687,5.52,186.59,5.52,186.59
53688,5.3,187,5.3,187
53690,5.04,187.35,5.04,187.35
53691,4.97,187.46,4.97,187.46
53696,5.26,187.8,5.26,187.8
53697,5.22,188.12,5.22,188.12
53699,5.13,188.46,5.13,188.46
53700,5.12,188.59,5.12,188.59
53704,4.99,188.38,4.24,188.38
53705,4.02,188.58,4.02,188.58
53706,3.61,188.66,3.61,188.66
53707,3.29,188.74,3.735,188.74
53708,3.86,188.84,3.86,188.84
53709,4.13,188.96,4.13,188.96
53710,4.48,188.85,4.48,188.85
53711,4.62,188.84,4.62,188.84
53712,4.97,188.59,4.97,188.59
53714,5.01,188.15,5.01,188.15
53715,5,187.95,5,187.95
53716,5.09,187.65,5.09,187.65
53717,4.92,187.39,4.92,187.39
53718,4.92,187.09,4.92,187.09
